Date,Speaker,Title,Language,Text,URL
2020-04-30,Lee Hsien Loong,May Day Message 2020,English,"This year, we mark May Day amidst difficult circumstances.

COVID-19 update
The COVID-19 pandemic is still raging around the world. In Singapore, it is nearly a month since we imposed our circuit breaker. We are now down to about 10-15 new community cases daily. We have made significant progress, but we have more to do.

In the migrant worker dormitories, there are still many cases. Fortunately, most of them are mild, probably because the workers are young. Nevertheless, we are doing everything we can for their health and welfare. We have assigned medical teams from hospitals to provide support in the dorms.

The S11 dorm in Punggol is our biggest COVID-19 cluster. It is supported by Sengkang General Hospital (SKGH), our newest hospital. Some of the residents in S11 had in fact helped to build Sengkang Hospital. One worker who was hospitalised told his doctor that he had laid the tiles in the ward he was staying in. The Sengkang Hospital medical team were moved. They were happy to be able to give back directly to the workers.

May Day is a day of celebration for all workers, including migrant workers. I too send my thanks and good wishes to all migrant workers in Singapore, for what you have built and contributed here.

I know the circuit breaker period has been hard for everyone. The restrictions have disrupted businesses and jobs, and created considerable inconvenience. But you have been resilient, and you have taken this in your stride.

I am especially grateful to our brothers and sisters working in essential services, who have kept Singapore going. Our healthcare professionals, Home Team, SAF and Ministry of Manpower officers. Our public transport workers, security guards, cleaners, social service professionals, delivery riders and taxi drivers. Our teachers, who have worked hard to implement home-based learning, and preschool teachers too. All of you have made sacrifices and exceeded the call of duty. Your families too have stood by your side, supporting you. To all of you, I want to say a big thank you.

Overcoming the immediate crisis
The pandemic has taken a heavy toll on the global economy. The IMF projects the steepest decline of global GDP since the Great Depression in the 1930s. As an open economy, Singapore has felt the full brunt of this downturn. Trade and investment, our lifeblood, have been disrupted. Without help, good companies, big and small, will go out of business, and many workers will lose their jobs.

Governments all over the world are spending large sums to prevent their economies from collapsing, and to take care of their peoples. The Singapore Government has done so too, through the Unity, Resilience, and Solidarity Budgets, $60B all together. But unlike other governments, we will not have to borrow to do so. We are drawing on our national reserves, with the President’s permission. Our reserves are a blessing, for which we must thank our forefathers’ values, discipline and foresight. This crisis is indeed a reminder for us to be prudent and frugal, to build up our reserves in peacetime, so that in truly difficult times, we will have something extra to fall back on.

We have used the reserves to save jobs, reduce costs for companies, and tide Singaporeans over this crisis. We enhanced the Job Support Scheme in successive Budgets. For now, the Government is paying three-quarters of the first $4,600 of wages in all sectors. This has enabled companies to retain their local employees. But businesses still have other costs to bear. And many workers will still see a pay cut, either because of lost overtime or direct wage reductions. This is unavoidable.

But I encourage both employers and workers to take a longer-term view. Workers must accept wage sacrifices to keep businesses going. And employers must make every effort to keep their workers, and help them through this difficult period. They should not drop workers at the first sign of trouble. This way, workers will remember and return the kindness, serve loyally, and help their businesses survive. Companies will also be in a better position to rebuild, when the economy begins to recover.

Restarting the economy
After we bring down the number of new COVID-19 cases, we can ease the circuit breaker measures, and progressively restart our economy.

This will not be straightforward. We need to step up COVID-19 testing and speed up contact-tracing. And we must proceed cautiously, with safeguards, so infections do not flare up again.

We have kept essential services going. But the rest of the economy will have to open up step by step, and not all at once. Some industries will open up earlier than others, and recover sooner. For example, those critical to keeping our economy going domestically. And those that keep us connected to the world and to global supply chains. Other sectors will have to wait, especially those which attract crowds, or involve close contact with other people, such as entertainment outlets and large-scale sporting events.

We must keep all these industries intact, ready to resume business when conditions allow. This demands close cooperation between companies, workers and the government.

Most likely, tourism and aviation will take much longer to recover than other sectors, because international travel will remain restricted as long as COVID-19 is still a problem around the world. Air transport is fundamental to Singapore’s role as a global and regional hub. It is a strategic sector. This is why the government is providing extra support for aviation.

The Singapore Airlines (SIA) group has been severely hit. As our national carrier, SIA has supported our efforts to fight COVID-19. They help to fly in essential supplies. They have mounted evacuation flights to bring Singaporeans home. Their cabin crew are serving as care ambassadors in hospitals, and safe distancing ambassadors in trains, markets and malls. But like most other airlines, most SQ flights will remain grounded for some time. SIA management have taken pay cuts. The unions and the workers have accepted sacrifices too. All in SIA understand that the airline is facing its biggest crisis ever. They are all doing their part to help the company survive.

The government is determined that SIA will see through this crisis. SIA has always flown Singapore’s flag high all over the world, and made us proud. We will spare no effort to enable it to do so again.

Structural changes
In the longer term, COVID-19 will surely result in many changes to the global economy. The movement of goods and people will be less free. Countries will strive to rely less on imports for food and essential items like medicines and face masks. This will have major implications for global trade and investments, and thus for Singapore.

Significant structural changes to our economy are likely. Some industries will be disrupted permanently. Companies will have to change their business models to survive. Some jobs will simply disappear. Workers in these industries will have to reskill themselves, to take up jobs in new sectors. But there will also be new opportunities, and new jobs created too. For instance, during the circuit breaker, people have adjusted. We have learnt to telecommute, and work with others virtually. Students are getting used to online learning. And more people are buying things online, and making e-payments. We will not go back to status quo ante, after the circuit breaker ends. And that will mean opportunities in these new ways of doing things. Other industries like medical services, biotech, food production and delivery, and IT – They are also growing. Even today, many of these firms are seeing stronger demand and hiring more people. We have capabilities in some of these new and growing sectors. Other industries will be new to us, and we will have to build up our expertise and workforce.

We will help companies adapt to this new operating environment, and retrain workers for the new jobs available. We will scale up SkillsFuture programmes to train workers on a large scale. NTUC has set up a Job Security Council to help match and train displaced workers for new job opportunities. We will also find ways to buffer freelancers in the gig economy against economic volatility. We will not be able to save every job. But we will look after every worker

Singapore is not alone in having to adapt to the post-COVID-19 world. But our challenge is greater than most, because we are so small and globalised. However, these are also advantages. Our smallness lets us be nimble. And global connectivity means we can quickly identify new growth areas and move into them.

Most importantly, we have what it takes to succeed. We have experienced economic restructuring before, having done it more than once to get here. We have the resources to support businesses, invest in our workforce, and take care of our people. And we have our tripartite partnership, forged over the decades. Employers, the Labour Movement and NTUC, and the Government work closely together, in good times and bad. We are bound by ties of loyalty and trust, the comradeship of past battles fought and won together.

The tripartite partnership is one important example of how we work together as one nation, protect our vulnerable and leave no one behind. This is why when the virus started to spread in other countries, we brought overseas Singaporeans home. We did not leave them to fend for themselves. This is why we care for our migrant workers, who have done much for us, as we care for Singaporeans. This is why we have taken unprecedented steps to draw upon our reserves, in order to forestall retrenchments and support the low income.

Conclusion
The road to recovery will be long and hard. We should be under no illusion that all will be well, the moment the circuit breaker period ends or the number of infections comes down.

But we are not a people who will shrink from struggle. It took us blood, sweat and tears to get here.

In the fight for independence, at moments of crisis, the Pioneer Generation showed their grit and mettle. They decided to give it their all, to secure a future for themselves and their children. The Merdeka Generation worked with them, and took us from Third World to First. Because they braved the odds, and prevailed, we have today’s Singapore.

COVID-19 is this generation’s challenge. The virus is a tough enemy – invisible, but formidable. It is now our turn to prove that we are worthy of our forebears, and up to the challenge before us. I have every confidence that we will prove more than equal to the task. I wish all Singaporeans a healthy and happy May Day!",https://www.pmo.gov.sg/Newsroom/PM-Lee-Hsien-Loong-May-Day-Message-2020
2020-04-30,Lee Hsien Loong,May Day Message 2020,Chinese,"今年，我们在艰难的环境中庆祝五一劳动节。
冠病疫情最新情况
2019冠状病毒疾病（COVID-19）疫情仍在全球肆虐。

由于我国疫情日趋恶化，三个星期前，政府采取了阻断病毒传播的措施。这才使本地社区的新增病例，减少到每天10到15起。这表示阻断措施取得了成效，但我们还需要继续努力。

客工宿舍的病例还是相当多。幸好患病的客工大多数只出现轻微的症状，可能是因为他们都比较年轻。即便如此，政府已经动员了各部门的资源，处理好宿舍的状况，照顾好客工的健康和福利。在此，我要感谢客工们对新加坡所做出的贡献，并祝愿你们平安健康。

我明白在实行阻断措施期间，大家都很不容易。一些规定严重影响了企业的运作和人们的工作，为大家的日常生活带来许多不便。但我也知道，在当前的困境中，大家都坚毅不屈，从容应对。

我要特别感谢各个必要服务领域的工友、工会以及相关的组织。谢谢你们的辛勤付出和支持，让新加坡能够继续维持基本的运作。我也要对你们的家人说一声谢谢，感谢他们一直在身边支持和鼓励你们。你们的付出，让我们在这段日子里，能够应付基本生活需求，继续同病毒对抗，也为应对其他挑战做好准备。
克服眼前的危机
冠病疫情在世界各地暴发，造成全球经济受到重创。国际货币基金组织预测，全球GDP今年将萎缩，这将是1930年代大萧条以来最严重的衰退。新加坡这个开放的经济体可说首当其冲。作为我国经济命脉的贸易与投资，就遭受冲击。就算是再有实力的企业，无论大小，如果没有获得资助，肯定也会面临裁员倒闭的风险，从而导致许多员工失业。

所以，世界各地的政府纷纷投入巨资，避免经济崩溃，以保障人民的生计。同样的，新加坡政府也史无前例，制定了三个预算案，总共拨出了600亿元，帮助员工、企业和家庭渡过难关。但有别于其他政府，我们不必向外举债。这要感谢先辈们高瞻远瞩，秉承勤俭治国的理念，这些年来为国家累积了一笔可观的储备金。所以，这次政府在得到总统的批准后，可动用国家储备金支付各种开支。这次疫情更提醒了政府要谨慎理财，大家要继续未雨绸缪，在好景时累积储备金，以便国家在陷入困境时，能有坚实的后盾。

政府推出了大刀阔斧的措施，帮助企业减低成本。比如通过雇佣补贴计划，为所有本地员工首4600元薪金，提供百分之75的补贴。这有助于国人保住工作，然而即使政府做了这么多，许多工友的薪金也还是会减少。

但我希望大家可以把眼光放得更长远。工友们已做出了牺牲。雇主们也要尽全力帮助员工挺过这个艰难时期。而不是一碰到困难，就立刻裁员。如果雇主能做到这一点，相信员工日后必定报以忠诚，尽心尽力工作。这一来，当经济开始复苏时，企业也就会有足够的实力重振旗鼓。
重启经济
要重启经济，我们首先要成功让新增病例减少，才能逐步解除阻断措施。

要达到这个目标，我们还要做出更多的努力。比如必须加强检测病毒的力度，并加快进行追踪病例的工作。同时，我们要步步为营，确保防疫措施全部到位，不让疫情卷土重来。

目前，我国的必要服务领域仍旧继续运作。日后，当疫情有所改善时，我们会逐步解除禁令，让其他经济领域恢复营业。但是，我们不可以操之过急。我们会先让那一些满足国人需求的行业开工，还有那些确保我国跟世界和全球供应链接轨的行业也可以获准重新开业。

至于其他行业，则需要一段时间后才能恢复运作。特别是娱乐场所，以及举行大型体育赛事的领域，因为这些活动会吸引大批人聚在一起，或让人们有近距离的接触。所以，希望大家继续和政府合作，加强防疫，让我国能够早日全面复工、复产及复业。
旅游业和航空业尤其需要更长的时间才能够全面复苏，因为只要其他国家的疫情还没有受到控制，大家都不会解除旅游限制。可是，航空运输业对新加坡具有战略意义。它是协助新加坡巩固国际和区域航空枢纽地位的关键。因此，政府正采取行动，为航空业提供额外帮助。

冠病疫情严重打击了新加坡航空公司的业务。身为新加坡的国家航空公司，新航集团在这期间不遗余力协助国家对抗冠病疫情，包括运输必需品，和安排专机载送海外的新加坡人回国。新航的空服人员也到医院担任关怀大使，以及在公共场所协助疏导人潮，确保人们保持安全距离。

但跟许多其他航空公司一样，新航的大部分航班会继续停飞一段日子。新航的管理层已经接受减薪。工会和员工也同样做出牺牲。大家都了解，新航正面临成立以来最严重的危机。因此，他们都愿意尽一份力，协助公司生存下来。政府致力于帮助新航渡过这场危机。享誉全球的新航，一直以来都是新加坡的骄傲。我们将不遗余力确保它能再次展翅高飞。
结构性变化
从长远来看，冠病疫情会让全球经济产生许多变化。货物和人员流动将比以往更受限制。各国将更努力，在食物和必需品方面减少对其他国家的依赖。这将对全球贸易和投资带来重大的影响，也会波及新加坡。

我国的经济结构很可能会发生重大变化。一些行业所受到的颠覆性影响将会是长久的。企业必须改变经营模式才能生存 。一些工作将被淘汰。受影响行业的员工必须重新受训，以胜任新领域的工作。

其实在施行阻断措施期间，我们发现大家可以在生活中做许多调整和新尝试，包括远程办公、网络学习。年长者也学会了网上购物。这些新的生活方式也创造了新的机遇。此外，医疗科技、食品生产及资讯科技等领域，都有巨大的发展潜能。我们需要在这些方面加强实力。

政府将协助企业转型，并且会通过技能创前程旗下的课程，大量培训员工。我们也会找寻新的方法，尽量减少经济波动对自由业者的影响。我们虽然不能保住每份工作，但还是会尽力照顾每位工友以及你们的家人。

新加坡不是唯一需要适应新格局的国家，不过我们面对的挑战更为严峻，因为我们是个国际化的小国。但这也是我们的优势。作为一个小岛国，我们更具灵活性，而且我们同世界各地都有联系，这也让我们可以更快地进军新的增长领域 。更重要的是，我们具备一切条件和毅力，取得成功。在政府的领导下，我们有足够的资源，也有完善的机制以及一系列计划，协助企业走出困境，在工友身上投资，以及确保人民受到照顾。

要解决新加坡眼前和长远的挑战，就需要大家团结一致。值得庆幸的是这些年来，雇主、工运和政府建立了牢固的劳资政伙伴关系。而在这波疫情当中，这样紧密的关系，发挥了关键的作用。接下来重振经济的过程，和克服经济转型的挑战，更需要劳资政三方携手同行，并肩作战，以确保没有人会因此落在后头 ，大家都得到妥善的照顾。这种同舟共济的精神，让我们排除万难，共创未来。
总结
复苏的道路会是漫长和艰辛的。但新加坡也是历经了风风雨雨，才有今天的成就。

在争取独立时，我们的建国一代展现了毅力和勇气，他们为了自己和下一代的将来，勇往直前，全力以赴。之后的立国一代也同建国前辈携手同心，让新加坡蜕变成为第一世界国家。他们不屈不挠的精神，成就了今天的新加坡。

冠病疫情是这一代人面对的考验。这个病毒是个厉害的对手，因为我们用肉眼看不到它，但它却有很大的杀伤力。如今，我们这一代人要向先辈们看齐，证明我们也能像他们一样，坚韧不拔，不畏艰辛。我相信，我们一定能担起这个重任，共同克服这次的危机。

在此，我祝愿所有国人身体健康，有个愉快的劳动节！",https://www.pmo.gov.sg/Newsroom/PM-Lee-Hsien-Loong-May-Day-Message-2020-Chinese
2020-04-30,Lee Hsien Loong,May Day Message 2020,Malay,"Warganegara Singapura sekalian

Tahun ini, kita menyambut Hari Buruh di tengah-tengah keadaan yang sangat mencabar.
Perkembangan mengenai COVID-19
Wabak COVID-19 terus menular.

Di Singapura, kita telah melaksanakan langkah pemutus rantaian jangkitan, hampir sebulan. Jumlah kes baru dalam masyarakat tempatan telah merosot kepada sekitar 10 hingga 15 kes sehari. Kita telah mencatat kemajuan yang baik, tetapi masih banyak yang perlu dilakukan.

Di dormitori pekerja asing, jumlah kes masih tinggi. Mujur, kebanyakan kes tidak begitu serius kerana usia muda para pekerja. Kami terus berusaha untuk menjaga kesihatan dan kesejahteraan mereka.

Hari Buruh adalah hari meraikan sumbangan semua pekerja termasuk pekerja asing. Kepada semua pekerja asing di sini, terima kasih atas sumbangan anda kepada Singapura.

Saudara saudari sekalian, saya faham tempoh pemutus rantaian jangkitan telah mengakibatkan banyak kesulitan buat anda dan kita semua. Sekatansekatan ini telah menjejas perniagaan dan pekerjaan, dan menyebabkan banyak gangguan. Tetapi anda telah menunjukkan daya tahan yang tinggi, dan membuat penyesuaian dengan baik.

Saya amat berterima kasih kepada saudara dan saudari kita yang bekerja di perkhidmatan penting, yang memastikan Singapura terus berfungsi. Mereka termasuklah para doktor dan jururawat, pegawai perkhidmatan awam yang menjaga pekerja asing, kakitangan pengangkutan awam, pekerja pembersihan, para anggota kesatuan sekerja serta ramai lagi. Anda semua telah membuat pengorbanan besar dan sumbangan yang menjangkau lebih daripada tanggungjawab anda. Keluarga anda juga selalu berada di sisi anda, menyokong anda. Saya juga ingin mengucapkan terima kasih kepada mereka.
Mengatasi krisis dalam jangka masa terdekat ini
Wabak ini menjejas teruk ekonomi sejagat termasuk Singapura. Perdagangan dan pelaburan, iaitu nadi ekonomi kita, terganggu.

Pemerintah di seluruh dunia sedang melaburkan jumlah yang besar untuk menjaga rakyat dan cuba menghalang keruntuhan ekonomi mereka. Pemerintah Singapura juga telah berbuat demikian melalui tiga Belanjawan – Perpaduan, Daya Tahan dan Kesepakatan bernilai $60 bilion. Tetapi tidak seperti Pemerintah lain, kami tidak perlu meminjam wang untuk melaksanakannya. Kami dapat mengeluarkan wang dari rizab negara dengan izin Presiden.

Pemerintah menggunakan rizab untuk membantu syarikat-syarikat mengurangkan kos gaji mereka, menyelamatkan pekerjaan dan menolong mengurangkan kesulitan rakyat.

Justeru, saya menggalakkan para majikan dan pekerja untuk sama-sama berfikiran jauh. Para pekerja harus menerima pemotongan gaji untuk pastikan perniagaan berterusan. Majikan harus mencuba sedaya upaya untuk tidak membuang pekerja sebaik sahaja timbul masalah. Dengan cara ini, para pekerja akan mengenang dan membalas budi majikan mereka, menunjukkan taat setia dan menolong perniagaan supaya dapat bertahan. Syarikat-syarikat juga akan berada dalam kedudukan yang lebih baik untuk berkembang semula, apabila ekonomi mula pulih.
Membangunkan semula ekonomi
Selepas langkah pemutus rantaian jangkitan berhasil, kita harus membangunkan semula ekonomi kita.

Ini bukan sesuatu yang mudah. Kita harus menggandakan ujian COVID-19 dan mempercepatkan pengesanan hubungan (contact tracing). Dan kita harus bergerak dengan berhati-hati, supaya jangkitan tidak kembali menular.

Kami akan membenarkan perkhidmatan mula beroperasi semula, sedikit demi sedikit dan tidak serentak. Perkhidmatan yang lebih penting akan bergerak lebih awal. Sektor lain perlu tunggu dahulu, terutama sekali yang menarik ramai pengunjung, seperti pusat hiburan atau acara sukan berskala besar.
Perubahan Struktur
Dalam jangka masa panjang, COVID-19 pasti akan menyebabkan banyak perubahan struktur kepada ekonomi global dan ekonomi Singapura. Beberapa industri akan terkubur. Oleh itu, syarikat-syarikat perlu menukar model perniagaan mereka untuk bertahan. Ada pekerjaan yang akan lenyap. Dan para pekerja dalam industri ini perlu mempelajari kemahiran baru, untuk mendapatkan pekerjaan dalam sektor-sektor baru. Kami akan menggandakan usaha untuk melindungi para pekerja bebas, dan pekerja dalam ekonomi gig, bagi memantapkan pendapatan mereka dalam keadaan yang kurang stabil.

Namun terdapat juga peluang-peluang baru. Kami akan berusaha gigih untuk membantu syarikat-syarikat menyesuaikan diri, dan melatih semula para pekerja bagi pekerjaan baru yang ada. Kami akan mempertingkatkan program-program SkillsFuture untuk melatih para pekerja secara besar-besaran. Kami tidak boleh menyelamatkan setiap pekerjaan, tetapi kami akan menjaga setiap pekerja dan keluarga anda.

Semua negara perlu menyesuaikan diri dengan dunia pasca COVID-19. Tetapi cabarannya bagi Singapura adalah lebih serius kerana kita adalah negara yang begitu kecil dan terdedah kepada arus globalisasi. Bagaimanapun, inilah juga kelebihan kita. Saiz kecil membolehkan kita untuk berdaya bingkas.

Yang lebih penting, kita memiliki ciri-ciri untuk berjaya. Salah satu ciri ini ialah hubungan rapat tiga pihak antara majikan, pekerja dan Pemerintah. NTUC dan Gerakan Buruh memainkan peranan penting. Bersama sama, kita telah mengatasi banyak cabaran sebelum ini. Dan kita akan terus bekerja rapat untuk mengatasi krisis ini.

Walau bagaimanapun dunia berubah, kita mesti sentiasa berjuang sebagai satu pasukan Singapura, berganding bahu melindungi golongan yang memerlukan, dan tidak mengabaikan sesiapa pun. Inilah sebabnya mengapa ketika virus ini mula merebak di dunia, Pemerintah membawa pulang rakyat Singapura yang berada di luar negara. Ini termasuk para pelajar kita di Timur Tengah. Kami tidak membiarkan mereka terbengkalai begitu sahaja. Inilah sebabnya kami mengambil berat tentang para pekerja asing kita. Inilah juga sebabnya mengapa kami menggunakan rizab kita, untuk mencegah pembuangan pekerjaan serta membantu golongan bergaji rendah.
Kesimpulan
Saudara saudari sekalian, perjalanan untuk pulih mungkin panjang dan sukar. Tetapi ini bukanlah suatu yang asing bagi Singapura.

Dalam perjuangan untuk mencapai kemerdekaan, sewaktu menghadapi krisis, Generasi Perintis menunjukkan ketabahan dan keberanian. Mereka kuatkan azam dan usaha untuk menjamin masa depan sendiri dan anak-anak mereka. Generasi Merdeka pula bekerjasama dengan Generasi Perintis, membawa kita dari taraf dunia Ketiga ke dunia Pertama. Disebabkan kejayaan mereka mengharungi rintangan inilah, maka kita memiliki Singapura yang ada hari ini.

COVID-19 merupakan cabaran generasi kita. Virus ini adalah musuh yang kuat – tidak dapat dilihat, tetapi sangat menggerunkan. Kini giliran kita pula untuk membuktikan bahawa kita boleh mengatasi cabaran ini, sebagaimana ibu bapa dan nenek moyang kita menghadapi cabaran terdahulu. Saya sangat yakin, kita boleh mencapai matlamat ini.

Semoga anda sentiasa sihat dan sejahtera. Selamat Hari Buruh kepada semua rakyat Singapura!",https://www.pmo.gov.sg/Newsroom/PM-Lee-Hsien-Loong-May-Day-Message-2020-Malay
2020-04-30,Lee Hsien Loong,May Day Message 2020,Tamil,"இவ்வாண்டு, நாம் சிரமமான சூழ்நிலைகளுக்கு இடையில், மே தினத்தை அனுசரிக்கிறோம்.
கொவிட்-19 தொடர்பான அண்மைத் தகவல்
கொவிட்-19 நோய்ப் பரவலின் தீவிரம், உலகம் முழுவதிலும் தொடர்ந்துகொண்டே இருக்கிறது.

சிங்கப்பூரில், நாம் நோய்ப் பரவலை முறியடிப்பதற்கான அதிரடித் திட்டத்தை அமல்படுத்தி, கிட்டத்தட்ட ஒரு மாதம் ஆகிவிட்டது.

சமூகத்தில் ஏற்படும் கிருமித்தொற்று சம்பவங்கள், நாள் ஒன்றுக்கு 10 முதல் 15 எனக் குறைந்துள்ளன.

நாம் கணிசமான முன்னேற்றத்தை அடைந்துள்ளோம். ஆனால், நாம் இன்னும் அதிகம் செய்யவேண்டும்.

வெளிநாட்டு ஊழியர் தங்கும் விடுதிகளில், கிருமித்தொற்று சம்பவங்களின் எண்ணிக்கை இன்னும் அதிகமாக உள்ளன.

நல்லவேளை! ஊழியர்கள், இளையர்களாக இருப்பதால், பெரும்பாலானோர் கடுமையாகப் பாதிக்கப்படவில்லை.

இருப்பினும், அவர்களது சுகாதாரத்திற்காகவும் நலனுக்காகவும், நாங்கள், எங்களால் ஆன அனைத்தையும் செய்து வருகிறோம்.

நாம், தங்கும் விடுதிகளுக்கு ஆதரவளிக்க, மருத்துவமனைகளிலிருந்து மருத்துவக் குழுக்களை அனுப்பிவைத்துள்ளோம்.

நமது ஆகப் பெரிய கொவிட்-19 நோய்க் குழுமமான, பொங்கோலில் உள்ள S11 தங்கும் விடுதிக்கு, நமது ஆகப் புதிய மருத்துவமனையான செங்காங் பொது மருத்துவமனை ஆதரவளித்து வருகிறது.

உண்மையில், S11 விடுதியில் உள்ள சில குடியிருப்பாளர்கள், செங்காங் மருத்துவமனையின் கட்டுமானப் பணிகளில் பணியாற்றியவர்கள்.

மருத்துவமனையில் சேர்க்கப்பட்ட ஓர் ஊழியர், தாம் இருந்த அறையின் தரைக் கற்களைப் பதித்ததாக, தனது மருத்துவரிடம் கூறினார்.

செங்காங் மருத்துவமனையின் மருத்துவக் குழுவினர், மனம் நெகிழ்ந்தனர்.

அவர்கள் தங்களால் ஊழியர்களுக்கு, நேரடியாகத் திரும்பக் கொடுக்க முடிந்ததற்கு மகிழ்ச்சி அடைந்தனர்.

மே தினம், வெளிநாட்டு ஊழியர்கள் உட்பட, அனைத்து ஊழியர்களுக்கும் ஒரு கொண்டாட்டம்.

சிங்கப்பூரில் உள்ள அனைத்து வெளிநாட்டு ஊழியர்களுக்கும், நீங்கள் இங்கு ஆற்றிய பங்கிற்காக, நானும் எனது நன்றியையும் நல்வாழ்த்துகளையும் தெரிவித்துக்கொள்கிறேன்.

அதிரடித் திட்டம் நடப்பிலிருக்கும் காலகட்டம் அனைவருக்கும் சிரமமாக உள்ளது என்று எனக்குத் தெரியும்.

கட்டுப்பாடுகள், வர்த்தகங்களையும் வேலைகளையும் பாதித்து, கணிசமான அசெளகரியத்தை ஏற்படுத்தியுள்ளன.

ஆனால், நீங்கள் மீள்திறனுடன், இதனைச் சமாளித்து வந்திருக்கிறீர்கள்.

குறிப்பாக, அத்தியாவசிய சேவைகளில் பணிபுரியும் நமது சகோதர சகோதரிகளுக்கு, நான் மிகவும் நன்றிக்கடன்பட்டுள்ளேன். அவர்கள், சிங்கப்பூரைத் தொடர்ந்து இயங்கச் செய்துள்ளார்கள்.

நமது சுகாதாரப் பராமரிப்புத் துறையினர், உள்துறைக் குழுவினர், சிங்கப்பூர் ஆயுதப் படையினர் மற்றும் மனிதவள அமைச்சின் அதிகாரிகள்.

நமது பொதுப் போக்குவரத்து ஊழியர்கள், பாதுகாப்பு அதிகாரிகள், துப்புரவாளர்கள், சமூக சேவைத் துறையினர், விநியோக ஓட்டுநர்கள் மற்றும் டாக்சி ஓட்டுநர்கள்.

நமது ஆசிரியர்கள், வீட்டிலிருந்தே கற்கும் நடைமுறையைச் செயல்படுத்த, கடுமையாக உழைத்திருக்கிறார்கள். பாலர் பள்ளி ஆசிரியர்களும் கூட.

நீங்கள் அனைவரும், தியாகங்கள் புரிந்து, கடமைக்கு அப்பால் செயல்பட்டிருக்கிறீர்கள்.

உங்கள் குடும்பத்தினரும், உங்களுக்குப் பக்கபலமாக இருந்து, உங்களுக்கு ஆதரவு தந்துள்ளனர்.

நான் உங்கள் அனைவருக்கும் நன்றி கூற விரும்புகிறேன்.
உடனடி நெருக்கடியைச் சமாளித்தல்
இந்த நோய்ப் பரவல், உலகப் பொருளியலைப் பெரிதும் பாதித்துள்ளது.

1930-களின் மாபெரும் பொருளியல் வீழ்ச்சிக்குப் பிறகு, உலகளாவிய மொத்த உள்நாட்டு உற்பத்தி ஆக மோசமான சரிவை அடையும் என்று அனைத்துலகப் பண நிதியம் முன்னுரைத்துள்ளது.

உலகத் தொடர்புடைய ஒரு பொருளாதாரமாக, சிங்கப்பூர் இந்த சரிவின் பாதிப்பை முழுமையாக உணர்ந்துள்ளது.

நமது உயிர்நாடியான வர்த்தகமும் முதலீடும் பாதிக்கப்பட்டுள்ளன.

உதவியின்றி, நல்ல நிறுவனங்கள், பெரிதோ சிறிதோ, பாதிக்கப்படலாம்; பல ஊழியர்கள் தங்கள் வேலைகளை இழக்கக்கூடும்.

உலகம் முழுவதிலும் உள்ள அரசாங்கங்கள், அவற்றின் பொருளியல்கள் வீழ்ச்சியடைவதைத் தவிர்க்கவும், அவற்றின் மக்களைக் கவனித்துக்கொள்ளவும், பெருந்தொகைகளைச் செலவிடுகின்றன.

சிங்கப்பூரும், ஒன்றிணைக்கும், மீட்சிக்கான மற்றும் ஒற்றுமைக்கான வரவுசெலவுத் திட்டங்களின் மூலம், அவ்வாறே செய்துள்ளது – ஒட்டுமொத்தமாக 60 பில்லியன் வெள்ளி.

ஆனால், மற்ற அரசாங்கங்களைப் போன்று, நாம் கடன் வாங்கத் தேவையில்லை.

அதிபரின் அனுமதியுடன், நாம், நமது தேசியக் கையிருப்புகளிலிருந்து பணம் பெறுகிறோம்.

நமது கையிருப்புகள் ஒரு வரம். அதற்காக, நாம், நமது முன்னோர்களின் விழுமியங்கள், கட்டுப்பாடு, தொலைநோக்கு சிந்தனை ஆகியவற்றுக்கு நன்றி தெரிவிக்கவேண்டும்.

அமைதியான காலங்களில், நாம் நமது கையிருப்புகளை அதிகரிக்க, கவனமாகவும் சிக்கனமாகவும் இருக்கவேண்டும் என்பதற்கு, இந்த நெருக்கடி, உண்மையில் நமக்கு ஒரு நினைவுறுத்தல். அப்போதுதான், உண்மையிலேயே சிரமமான காலகட்டங்களில், நமக்குத் துணைபுரிய கூடுதலான வளங்கள் இருக்கும்

நாம் கையிருப்புகளைப் பயன்படுத்தி, வேலைகளைக் காப்பாற்றியுள்ளோம்; நிறுவனங்களுக்குச் செலவுகளைக் குறைக்கவும், சிங்கப்பூரர்கள் இந்த நெருக்கடிக் காலத்தை எதிர்கொள்ளவும் உதவியுள்ளோம்

தொடர் வரவுசெலவுத் திட்டங்களில், நாம், வேலை ஆதரவுத் திட்டத்தை மேம்படுத்தியுள்ளோம்.

தற்போதைக்கு, அரசாங்கம், அனைத்துத் துறைகளிலும் சம்பளத் தொகையில், முதல் $4,600-இல் முக்கால்வாசித் தொகையைச் செலுத்துகிறது.

நிறுவனங்கள் அவற்றின் உள்ளூர் ஊழியர்களைத் தக்கவைத்துக்கொள்ள இது உதவியுள்ளது.

ஆனால், வர்த்தகங்களுக்கு இதர செலவுகளும் உள்ளன.

மிகை நேரப் பணி இல்லாததால் அல்லது நேரடி சம்பளக் குறைப்பினால், பல ஊழியர்களின் சம்பளம் தொடர்ந்து குறைக்கப்படலாம்.

இது தவிர்க்க முடியாதது.

எனினும், முதலாளிகளும் ஊழியர்களும் நீண்டகால நோக்கத்தைக் கொண்டிருக்கவேண்டும் என்று நான் கேட்டுக்கொள்கிறேன்.

வர்த்தகங்கள் தொடர்ந்து இயங்க, ஊழியர்கள் சம்பளக் குறைப்பை ஏற்றுக்கொள்ளவேண்டும்.

முதலாளிகள், தங்கள் ஊழியர்களைத் தக்கவைத்துக்கொள்ளவும், அவர்களுக்கு இந்த சிரமமான காலகட்டத்தில் உதவவும், அனைத்து முயற்சிகளையும் மேற்கொள்ளவேண்டும்.

பிரச்சனைகள் தலைதூக்கிய உடனேயே, அவர்கள் ஊழியர்களைக் கைவிடக்கூடாது.

இந்த வகையில், ஊழியர்கள் அந்த கருணையை நினைவில் கொண்டு, உண்மையாக சேவையாற்றி, அவர்களின் வர்த்தகம் தொடர்ந்து செயல்பட உதவுவார்கள்.

பொருளியல் மீட்சியடையத் தொடங்கும்போது, நிறுவனங்களும் அவற்றை மறுநிர்மாணம் செய்துகொள்ள மேம்பட்ட நிலையில் இருக்கும்.
பொருளியலை மீண்டும் இயங்கச் செய்தல்
நாம், கொவிட்-19 கிருமித்தொற்று சம்பவங்களைக் குறைத்த பின்னர், நாம், அதிரடித் திட்டத்தின் கட்டுப்பாடுகளைத் தளர்த்த முடியும்; படிப்படியாக, நமது பொருளியலை மீண்டும் இயங்கச் செய்ய முடியும்.

இது எளிதாக இருக்காது

நாம், கொவிட்-19 கிருமித்தொற்றுக்கான பரிசோதனைகளை அதிகரிக்கவேண்டும்; தொடர்புகளின் தடங்களைக் கண்டறிவதைத் துரிதப்படுத்தவேண்டும்.

கிருமித்தொற்று சம்பவங்கள் மீண்டும் தலைதூக்காமல் இருக்க, நாம் பாதுகாப்பு நடவடிக்கைகளுடன் மிகவும் கவனமாகச் செயல்படவேண்டும்.

நாம், அத்தியாவசிய சேவைகளைத் தொடர்ந்து இயங்கச் செய்திருக்கிறோம்.

ஆனால், மற்றத் துறைகள், ஒரே நேரத்தில் அல்லாமல், படிப்படியாகவே செயல்படத் தொடங்கும்.

சில தொழில்துறைகள், மற்றதைவிட, முன்கூட்டியே திறக்கப்பட்டு, விரைவில் மீட்சி காணும்.

எடுத்துக்காட்டாக, உள்ளூரில், நமது பொருளாதாரத்தைத் தொடர்ந்து இயங்கச் செய்வதற்கு முக்கியமான துறைகள்.

மற்றும் நம்மை உலகத்தோடும் உலகளாவிய விநியோகத் தொடரோடும் இணைக்கும் துறைகள்.

மற்றத் துறைகள் காத்திருக்கவேண்டும். குறிப்பாக, பொழுதுபோக்குக் கூடங்கள், பெரிய அளவிலான விளையாட்டு நிகழ்வுகள் போன்று, கூட்டத்தை ஈர்க்கும் துறைகள் அல்லது மக்கள் பிறருடன் நெருங்கிய தொடர்பை ஏற்படுத்தும் துறைகள்.

நாம், வெவ்வேறு துறைகள் அனைத்தையும் கட்டுக்கோப்பாக வைத்திருந்து, நிலைமை சீராகும்போது, வர்த்தகம் தொடங்க அவை ஆயத்தமாக இருப்பதற்கு வகைசெய்யவேண்டும்.

இதற்கு நிறுவனங்கள், ஊழியர்கள், அரசாங்கம் ஆகியவற்றிடையே அணுக்கமான ஒத்துழைப்பு தேவைப்படுகிறது.

அநேகமாக, மற்றத் துறைகளைக் காட்டிலும், சுற்றுப்பயணத் துறையும் விமானப் போக்குவரத்துத் துறையும் மீட்சி அடைய நீண்டகாலம் தேவைப்படும். ஏனெனில், கொவிட்-19 கிருமித்தொற்று, உலகம் முழுவதிலும் ஒரு பிரச்சனையாக இருக்கும் வரையில், அனைத்துலகப் பயணம் தொடர்ந்து கட்டுப்படுத்தப்படும்.

சிங்கப்பூர், உலகளாவிய, வட்டார நடுவமாகத் திகழ்வதற்கு, விமானப் போக்குவரவு மிகவும் அடிப்படையானது.

அது முக்கியத்துவம் வாய்ந்த ஒரு துறை.

இதனால்தான், அரசாங்கம், விமானப் போக்குவரத்திற்குக் கூடுதல் ஆதரவை வழங்கி வருகிறது.

சிங்கப்பூர் ஏர்லைன்ஸ் குழுமம் கடுமையாகப் பாதிக்கப்பட்டுள்ளது.

நமது தேசிய விமான சேவை நிறுவனமாக, சிங்கப்பூர் ஏர்லைன்ஸ், கொவிட்-19 கிருமித்தொற்றுக்கு எதிரான நமது முயற்சிகளுக்கு ஆதரவளித்துள்ளது.

அத்தியாவசியப் பொருட்களை விமானம் மூலம் கொண்டுவருவதற்கு அது உதவியுள்ளது.

சிங்கப்பூரர்களைத் தாய்நாட்டிற்கு அழைத்துவர, விமான சேவைகளை அது செயல்படுத்தியுள்ளது.

அதன் விமானச் சிப்பந்திகள், பரிவுத் தூதர்களாக மருத்துவமனைகளிலும், பாதுகாப்பான தூர இடைவெளித் தூதர்களாக ரயில்கள், சந்தைகள், கடைத்தொகுதிகள் ஆகியவற்றிலும் சேவையாற்றுகிறார்கள்.

ஆனால், பெரும்பாலான மற்ற விமான சேவை நிறுவனங்களைப் போன்று, பெரும்பாலான சிங்கப்பூர் ஏர்லைன்ஸ் விமானங்கள் சிறிது காலத்திற்கு இயங்கமாட்டா.

சிங்கப்பூர் ஏர்லைன்ஸ் நிறுவனத்தின் நிர்வாகத்தினர், சம்பளக் குறைப்பை ஏற்றுக்கொண்டுள்ளனர்.

தொழிற்சங்கங்களும் ஊழியர்களும் கூட, தியாகங்கள் செய்துள்ளனர்.

சிங்கப்பூர் ஏர்லைன்ஸ் நிறுவனத்தில் அனைவரும், நிறுவனம் அதன் ஆகப் பெரிய நெருக்கடியை எதிர்கொள்கிறது என்பதைப் புரிந்துகொண்டுள்ளனர்.

நிறுவனம் தொடர்ந்து இயங்குவதற்கு உதவ, அவர்கள் அனைவரும் தங்கள் பங்கை ஆற்றுகின்றனர்.

சிங்கப்பூர் ஏர்லைன்ஸ் இந்த நெருக்கடியைக் கடந்துசெல்லும் என்பதில் அரசாங்கம் உறுதி கொண்டுள்ளது.

சிங்கப்பூர் ஏர்லைன்ஸ் எப்போதுமே சிங்கப்பூரின் புகழை உலகம் முழுவதும் நிலைநாட்டி, நமக்குப் பெருமை சேர்த்துள்ளது.

அவ்வாறு அது மீண்டும் செய்வதற்கு வகைசெய்ய, நாம் ஆன அனைத்து முயற்சிகளையும் மேற்கொள்வோம்.
கட்டமைப்பு ரீதியான மாற்றங்கள்
நீண்டகாலத்தில், கொவிட்-19 கிருமித்தொற்று, உலகப் பொருளியலில் நிச்சயமாகப் பல மாற்றங்களை ஏற்படுத்தும்.

பொருட்கள், மக்களின் நடமாட்டத்தில் கூடுதல் கட்டுப்பாடுகள் இருக்கும்.

உணவு, மருந்துகள், முகக் கவசங்கள் போன்ற அத்தியாவசியப் பொருட்களுக்கு, இறக்குமதிகளைச் சார்ந்திருப்பதைக் குறைத்துக்கொள்ள நாடுகள் முற்படும்.

இது, உலக வர்த்தகத்திலும் முதலீடுகளிலும் பெரும் தாக்கத்தை ஏற்படுத்தும். சிங்கப்பூரும் அதனை உணரும்.

கட்டமைப்பு ரீதியான கணிசமான மாற்றங்கள், நமது பொருளியலில் ஏற்படக்கூடும்.

சில தொழில்துறைகள் நிரந்தரமாகப் பாதிக்கப்படும்.

நிறுவனங்கள் நீடித்திருப்பதற்கு, அவற்றின் வர்த்தக முறைகளை மாற்றிக்கொள்ளவேண்டும்.

சில வேலைகள் இல்லாமல் போய்விடும்.

இந்தத் தொழில்துறைகளில் உள்ள ஊழியர்கள், புதிய துறைகளில் வேலை செய்வதற்காக, புதுத் திறன்களைப் பெறவேண்டும்.

ஆனால், புதிய வாய்ப்புகளும் இருக்கும்; புதிய வேலைகளும் உருவாக்கப்படும்.

உதாரணத்திற்கு, அதிரடித் திட்டத்தின்போது, மக்கள் தங்களை மாற்றிக்கொண்டுள்ளனர்.

நாம், வீட்டிலிருந்து பணிபுரிவதற்கும், தொலைத்தொடர்பு வசதிகள் மூலம் பிறருடன் வேலை செய்வதற்கும் கற்றுக்கொண்டுள்ளோம்.

மாணவர்கள், இணையம்வழிக் கற்றலுக்குப் பழக்கப்பட்டு வருகின்றனர்.

அதிகமானோர், பொருட்களை இணையம்வழி வாங்குகிறார்கள்; மின்னியல் முறையில் கட்டணம் செலுத்துகிறார்கள்.

அதிரடித் திட்டம் நிறைவடைந்த பின்னர், நாம் முன்னைய நிலைக்குத் திரும்பிவிட மாட்டோம்.

இந்தப் புதுவகை செயல்பாடுகளில், வாய்ப்புகள் இருக்கும் என்பதே அதற்கு அர்த்தம்.

மருத்துவ சேவைகள், உயிரியல் தொழில்நுட்பம், உணவு உற்பத்தி மற்றும் விநியோகம், தகவல் தொழில்நுட்பம் முதலான மற்ற தொழில்துறைகளும் வளர்ந்து வருகின்றன.

இன்றும், பல நிறுவனங்கள் இவற்றுக்கான தேவையை உணர்ந்து, அதிகமானோரை வேலைக்கு எடுக்கின்றன.

இந்தப் புதிய, வளர்ந்துவரும் துறைகள் சிலவற்றில் நமக்குத் திறமைகள் உண்டு.

மற்றத் துறைகள், நமக்குப் புதிதாக இருக்கும். நாம், நமது நிபுணத்துவத்தையும் ஊழியர் அணியையும் மேம்படுத்திக்கொள்ளவேண்டும்.

நிறுவனங்கள், இந்தப் புதிய செயல்பாட்டுச் சூழலுக்கு அவற்றை மாற்றிக்கொள்ளவும், புதிய வேலைகளுக்காக ஊழியர்களுக்கு மறுபயிற்சி அளிக்கவும், நாம் உதவுவோம்.

நாம், பெரிய அளவில் ஊழியர்களுக்குப் பயிற்சி அளிக்க, ஸ்கில்ஸ்ஃபியூச்சர் பயிற்சித் திட்டங்களை விரிவுபடுத்துவோம்.

தேசியத் தொழிற்சங்கக் காங்கிரஸ், வேலை இழந்த ஊழியர்களுக்குப் பயிற்சி அளித்து, புதிய வேலை வாய்ப்புகளுடன், அவர்களை இணைப்பதற்காக, வேலைப் பாதுகாப்பு மன்றத்தை நிறுவியுள்ளது.

நாம், தற்காலிக ஊழியர்களைக் கொண்டு இயங்கும் பொருளியலில், தன்னுரிமைத் தொழில்புரிவோரைப், பொருளியலின் நிச்சயமற்ற தன்மையிலிருந்து பாதுகாக்க, புதிய வழிகளைக் கண்டறிவோம்.

நம்மால் ஒவ்வொரு வேலையையும் காப்பாற்ற முடியாது. ஆனால், நாம் ஒவ்வொரு ஊழியரையும் கவனித்துக்கொள்வோம்.

கொவிட்-19 கிருமித்தொற்றுக்குப் பிந்திய உலகிற்கு மாறவேண்டிய கட்டாயத்தில், சிங்கப்பூர் தனித்திருக்கவில்லை.

ஆனால், நமது சவால், பெரும்பாலான நாடுகளை விட, மேலும் பெரியது. ஏனெனில், நாம், உலகமயமாகிவிட்ட, மிகவும் சிறிய நாடு.

இருப்பினும், இவை நமக்குச் சாதகமான அம்சங்களும் கூட.

நமது சிறிய தோற்றம், நம்மைச் சுறுசுறுப்பாக இயங்க வகைசெய்கிறது.

நமது உலகத் தொடர்புத்தன்மை, வளர்ச்சிக்கான புதிய அம்சங்களை விரைவில் கண்டறிந்து, அவற்றில் இணைய உதவும்.

மிக முக்கியமாக, வெற்றிபெறுவதற்கான திறமை நம்மிடம் உள்ளது.

நமக்குப் பொருளியல் மறுசீரமைப்பில் அனுபவம் உள்ளது. இந்த நிலையை அடைவதற்கு, நாம் அதனை ஒன்றுக்கும் மேற்பட்ட முறை செய்திருக்கிறோம்.

நம்மிடம், வர்த்தகங்களுக்கு ஆதரவளிப்பதற்கும், ஊழியர் அணியில் முதலீடு செய்வதற்கும், நமது மக்களைக் கவனித்துக்கொள்வதற்கும் வளங்கள் உள்ளன.

இத்தனை ஆண்டுகளாக வலுப்படுத்திய, நமது முத்தரப்புப் பங்காளித்துவமும் நம்மிடம் உள்ளது.

நல்ல காலங்களிலும், சிரமமான காலங்களிலும், முதலாளிகள், தொழிலாளர் இயக்கம், தேசியத் தொழிற்சங்க காங்கிரஸ், அரசாங்கம் ஆகியன, அணுக்கமாகப் பணியாற்றுகின்றன.

விசுவாசம், நம்பிக்கை, முன்பு கடந்தவந்த பாதையால் உருவான தோழமை ஆகியவற்றால் பிணைந்துள்ளோம்

நாம் ஒரு தேசமாக ஒன்றிணைந்து எவ்வாறு பாடுபடுகிறோம், பாதிப்புக்கு ஆளாகக்கூடியவர்களை எவ்வாறு பாதுகாக்கிறோம், யாரும் பின்தங்கிவிடாமல் எவ்வாறு பார்த்துக்கொள்கிறோம் என்பதற்கு முத்தரப்புப் பங்காளித்துவம் ஒரு முக்கிய உதாரணம்.

இதனால்தான், இந்தக் கிருமி, மற்ற நாடுகளில் பரவத் தொடங்கியபோது, வெளிநாட்டில் இருந்த சிங்கப்பூரர்களைக் கைவிடாமல், நாம் அவர்களைத் தாய்நாட்டிற்குத் திரும்ப அழைத்து வந்தோம்.

இதனால்தான், நமக்கு அதிகம் பங்காற்றியுள்ள வெளிநாட்டு ஊழியர்கள் மீது, சிங்கப்பூரர்கள் மீது காட்டும் அதே அக்கறையை நாம் காட்டுகிறோம்.

இதனால்தான், பணிநீக்கங்களைத் தடுப்பதற்கும், குறைந்த வருமானம் ஈட்டுவேரை ஆதரிப்பதற்கும், நமது கையிருப்புகளிலிருந்து பணம் பெற, முன்னெப்போதும் எடுக்கப்படாத நடவடிக்கைகளை எடுத்துள்ளோம்.
முடிவுரை
மீட்சிக்கான பாதை நீண்டதாகவும் சிரமமானதாகவும் இருக்கும்.

அதிரடித் திட்டம் முடிவுக்கு வந்தவுடன் அல்லது கிருமித்தொற்று சம்பவங்களின் எண்ணிக்கை குறைந்தவுடன், அனைத்தும் சீராகிவிடும் என்ற மாயையை நாம் கொண்டிருக்கக்கூடாது.

நாம் சிரமத்தில் துவண்டுபோகும் மக்கள் அல்ல.

இந்த நிலைக்கு வருவதற்கு நாம் இரத்தம், வியர்வை, கண்ணீர் சிந்தியிருக்கிறோம்.

சுதந்திரத்திற்கான போராட்டத்தில், நெருக்கடி மிகுந்த காலகட்டங்களில், முன்னோடித் தலைமுறையினர் தங்களது துணிவையும் மன உறுதியையும் வெளிப்படுத்தினர்.

தங்களுக்கும் தங்கள் சந்ததியினருக்கும் ஓர் எதிர்காலத்தை உருவாக்க, தங்களால் ஆன அனைத்தையும் செய்ய அவர்கள் முடிவெடுத்தனர்.

மெர்டேக்கா தலைமுறையினர் அவர்களுடன் பணியாற்றி, நம்மை மூன்றாம் உலக நாடு என்ற நிலையிலிருந்து, முதலாம் உலக நாடு என்ற நிலைக்கு உயர்த்தினர்.

அவர்கள் சிரமங்களை எதிர்கொண்டு வெற்றி கண்டதால், இன்றைய சிங்கப்பூர் நம் வசம் உள்ளது.

கொவிட்-19 கிருமித்தொற்று, இந்தத் தலைமுறைக்கான சவால்.

அந்தக் கிருமி, கடுமையான ஓர் எதிரி – கண்ணுக்குத் தெரியாவிடினும், வலிமை மிக்கது.

நமது முன்னோர்கள் விட்டுச்சென்றதைக் கட்டிக்காக்க நாம் திறமையானவர்கள் என்பதை நிரூபிப்பதற்கும், நாம் எதிர்கொண்டுள்ள சவாலைக் கடந்துசெல்வதற்கும், நமக்கான நேரம் இது.

எதிர்பார்த்ததைவிட நாம் சிறப்பாகச் செயல்படுவோம் என்ற எல்லா நம்பிக்கையும் எனக்கு உள்ளது.

அனைத்து சிங்கப்பூரர்களுக்கும், ஆரோக்கியமும் மகிழ்ச்சியும் நிறைந்த மே தின வாழ்த்துகளை நான் தெரிவித்துக்கொள்கிறேன்.",https://www.pmo.gov.sg/Newsroom/PM-Lee-Hsien-Loong-May-Day-Message-2020-Tamil
2020-07-27,Lee Hsien Loong,Cabinet Swearing-in Ceremony,English,"Singaporeans have just gone through a crucial General Election, held in the midst of a tremendous crisis. We have been through six difficult months, dealing with COVID-19, and the economic downturn precipitated by the virus. I called this election to give the government a fresh mandate and a full term, to deal with the difficult months and years that still lie ahead.

Singaporeans understood what was at stake. They considered carefully what the candidates and parties had to offer. And on Polling Day, voters turned out in full strength. They gave the PAP a clear mandate to form the government.

My team and I are humbled that Singaporeans have entrusted us with this heavy responsibility. We will use our mandate to act on your behalf, vigorously and unremittingly, to deal with the challenges ahead, and lead Singapore out of the crisis.

The work of our new Cabinet and government has already begun. The elections are behind us. Whatever our political persuasions, never forget that we are first and foremost Singaporeans. Let us all unite and focus our energies on the major challenges ahead.

Big Challenges Ahead

On the public health front, COVID-19 remains a serious problem. The global situation has taken a further turn for the worse, with both new infections and deaths continuing to climb. Even cities that initially brought the virus under control, like Hong Kong and Seoul, have suffered repeat outbreaks, after they eased safe distancing measures and reopened their economies. It shows just how difficult it will be for Singapore to keep ourselves free from the virus. And this is why, as we gradually restore economic activity, re-open our borders, and resume our lives, we are also building up our capacities to test and contact trace, so that we can identify and stamp out new outbreaks quickly. But each one of us still needs to play our own part, stay vigilant, practise safe distancing and minimise social interactions. That is how we can protect the health and the lives of our loved ones, especially our elderly.

At the same time, we have to get our economy going again. This is an enormous task. In the second quarter, our GDP shrank a record 12.6% year on year. The four Budgets this year have staved off the worst of the damage. But we have kept companies afloat, and minimised retrenchments so far. But economic conditions will continue to be difficult, and we must expect to lose many more jobs. We will do our best to save as many as we can, and help workers who still lose their jobs to find new work. The National Jobs Council is urgently working with the unions, business associations and government agencies on this vital task.

We will also help businesses that have been shut down by COVID-19 to start up again. In particular, the construction sector has been badly affected by the outbreak in the migrant worker dormitories. We have almost completed testing all the migrant workers in the dorms, and clearing the dorms of COVID-19. And we are exerting maximum effort to establish safe living and working conditions, so that the workers can get back to work as soon as possible, while keeping the virus in check. But it is a very complicated task, and despite our best efforts, will take a few weeks more to complete. In the meantime, the government will lighten the burden of levies and fees on their employers, and help them get back on their feet. This is only fair to the employers. Many of them are small sub-contractors. They are bearing a disproportionate share of the burden of keeping all of us safe from COVID-19.

Then there are sectors that have been hard hit by the closure of international borders, like tourism and aviation. Their recoveries will be slow. They rely heavily on the international market, without a large domestic market to buffer them. But we are determined to help these sectors pull through, as they are linked to many other parts of our economy. That is why the government put aside close to $2 billion in the Budgets to support them.

We must also be prepared that some industries will not return to what they were before. Then the government will face difficult choices, and so will the businesses themselves. We cannot afford to prop up failing industries indefinitely, or trap workers in jobs that are no longer viable. The better, long-term solution is to invest our resources to develop new capabilities, grow new industries and create new jobs. Then we can help firms in declining industries to reinvent themselves or pivot to other fields of business. We will also help workers in these industries reskill for the new jobs created. We were already doing this even before COVID-19, through SkillsFuture. But now the urgency is greater, and we must redouble our efforts.

Looking towards the future

Beyond the ongoing crisis, the government must also keep our eyes firmly on the future. One day, the pandemic will be over, and the economic crisis will pass. When that day comes, we have to be ready for the post-COVID-19 world. Our aim is not just to survive the storm, but also to set the long-term direction for our country. We must keep on improving Singapore, year after year, generation after generation.

Thus, we must press on with transforming our economy and upgrading our skills, working with our tripartite partners. This will help Singaporeans make the most of new opportunities, cope with new uncertainties, and improve their lives.

And beyond economic prosperity, we must also fulfil the broader ambitions Singaporeans have for our country. We aspire to be a fair and just society, with opportunities for all. We wish to fashion an inclusive community, where we look out for one another, reach out to those who need help, and show every Singaporean that they have a stake in our future. We want to make this a home where Singaporeans always believe that their children will have better lives than themselves, and the human spirit can flourish. This is the nation we are building together.

To achieve these hopes and dreams, our political system must continue to work well for Singapore. The election has shown a strong desire amongst Singaporeans for greater diversity of views in politics. Voters want the PAP to form the government, but they also want more robust debate of policies and plans. This trend is here to stay. We have to give expression to it, and evolve our political system to accommodate it, while maintaining our cohesion and sense of national purpose.

This new Parliament will have a total of 12 Opposition MPs, the largest number in recent history. Ten are constituency MPs from the Workers’ Party, and two are NCMPs from the Progress Singapore Party. We will formally designate a Leader of the Opposition, and provide him with staff support and resources to perform his role.

I look forward to more vigorous but constructive debates in Parliament. I hope our colleagues across the aisle will step up to play their role of a responsible and loyal opposition. Their duty is not merely to raise criticisms and ask questions of the government, necessary as these functions are. But also, more importantly, to put forward serious policy alternatives to be scrutinised and debated. This way, we can help voters better understand the issues, choices and trade-offs. And in the process, improve policies and plans, and deliver better outcomes for Singapore.

Assembling a strong team for Singapore

Good politics depends not only on sound institutions, but also on high quality political leadership. More than other countries, Singapore needs leaders who are capable and committed, men and women who have the courage of their convictions, who command the respect of Singaporeans and who can mobilise the population to achieve great things together.

In this election, you have voted for me and my PAP team. With your mandate, I have formed the strongest Cabinet I could, to take Singapore through this crisis and beyond. The Cabinet I have formed is a multiracial team, reflective of our multiracial society. 7 out of 20 full ministers are non-Chinese. We have been sworn in before the President, with the Chief Justice in attendance, who both belong to minority communities. There can be no more vivid demonstration of how our meritocratic system works, and the lengths we have gone to, to ensure equal treatment and opportunities for every citizen, regardless of race, language or religion.

My Cabinet also includes Ministers and office holders from successive generations. The more senior ones have seen Singapore through past crises, and can offer valuable guidance and views to help overcome the challenges we now face. The younger Ministers are increasingly taking the lead, setting the agenda and engaging Singaporeans, for example through the SG Together movement and the Emerging Stronger Conversations. They have also been leading our COVID-19 response, and gained confidence dealing with the complex challenges of the pandemic. The new office holders will bring with them fresh ideas and perspectives, and work hard to master the issues. It is a team that Singaporeans can be confident in, and one that will walk with you every step of this journey.

Madam President, I have spent my entire adult life in public service. I will continue to devote myself to my country and people, drawing strength and purpose from the support of Singaporeans, young and old. My aim is to see through this crisis, and hand over Singapore, intact and in working order, into good hands who can take the country further forward. I ask Singaporeans to extend to the younger Ministers the same support that you have given me all these years.

But leadership renewal is a never-ending task. We continue to need more good people from every generation to step forward, stand for election, and serve our country. Singapore must have leaders who can take the rough and tumble of politics, and who will commit all their energies to work and fight for what they believe in. Only with an exceptional leadership team, working closely with Singaporeans, can we continue to stand out in the world.

Conclusion

We have achieved what few countries have in our 55 years since independence. A peaceful, multiracial society. Vastly better lives for all. Emerging stronger, and resolving to do better, after every crisis that has hit us. Let us now come together as one Singapore. Keep improving our lives, securing our future and building a nation we can all be proud to call home. Thank you.",https://www.pmo.gov.sg/Newsroom/Speech-by-PM-Lee-at-the-Swearing-In-Ceremony
2020-07-27,Lee Hsien Loong,Cabinet Swearing-in Ceremony,Chinese,"过去六个月，大家生活不易，全民一心对抗冠病疫情和应付经济危机。整体上，我国疫情已经受到控制，所以我们能够逐渐复工、复业和复课。希望接下来的日子里，社区病例能维持在低个位数。不过，冠病将是一个长期的问题，它会持续影响我国经济和社会的发展，并对我们的生计和生活带来挑战。

2020全国大选尘埃落定，我和我的团队感谢并虚心接受选民给我们明确的委托。我们将全力以赴，负责任地行使委托权，帮助国人解决生活上的困难，同时努力寻求新的机遇，让我国经济尽快复苏。 

我们的当务之急就是保障就业。为此，全国就业理事会已经马不停蹄地展开工作，协助失业的工友。而一些工友会需要一段时间才能找到新的工作。此外，阻断期虽然结束了，但是为了保障工友的健康，一些领域要全面复工还需要一段时间，因为政府有许多方面需要考量，以免疫情反弹。特别是建筑业。我们正竭尽所能确保客工和工友的居住以及工作情况是安全的，以降低他们感染病毒的风险。因此，我吁请承包商了解政府的考量。政府会尽全力帮助这些公司逐步开工，并提供援助让它们能够重新站稳脚跟。我们也必须做好准备，一些行业将不复以往，而政府也不可能一直支援它们。为了我国的长远发展，我们认为更好的策略是把资源放在建立新的优势和能力上，开拓新的领域，创造新的就业机会，借此帮助那些面临困境的企业和工友转战新兴领域。工友也会获得协助接受培训，以胜任这些新的工作。

我们的目标，不只是度过眼前的危机，我们还必须为瞬息万变的未来做长期规划。所以，我们必须继续巩固和加强基础，让我国在危机过后更加稳定，更加强韧，人民的生活也有所提升。

发展经济固然很重要，但我们也要建设一个公正、平等和包容的社会，让国人不分种族、言语和宗教，不论家世背景，都能享有同等的机会，取得成功和实现自己的理想。

新加坡社会的繁荣与进步，也取决于政治体制的稳定发展。这次的选举结果显示，人民希望行动党继续执政，但也要国会里有更多元化的声音，针对政策和计划展开更激烈的辩论。本届国会将有12位反对党议员，是近年来最多的。同时，也会有指定的反对党领袖。国会复会后，我希望议员们能够提出实质的内容，展开有建设性的辩论，在重要课题上为选民发声。我也希望看到一个忠诚而负责任的反对党，不仅是对政策提出疑问和批评，而是能够进一步提出具体、可行的替代方案。这才有助于国人理解我国所面对的各种抉择和其中的利弊得失。同时，也让我们能够制定更加完善的政策，造福人民。

新加坡要长治久安，繁荣发展，除了需要能干的领导团队，更需要团结一致的人民。即便拥有不同的理念，我们始终都是新加坡人，都是一家人。新一届内阁已经展开工作，我们将分秒必争，致力让新加坡早日走出阴霾，和全民一起为更美好的明天而奋斗。",https://www.pmo.gov.sg/Newsroom/Speech-by-PM-Lee-at-the-Swearing-In-Ceremony
2020-07-27,Lee Hsien Loong,Cabinet Swearing-in Ceremony,Malay,"Saudara-saudari sekalian

Kita baru sahaja melalui Pilihan Raya Umum yang genting, yang berlangsung di tengah-tengah sebuah krisis segenerasi.

Saya dan pasukan saya ingin mengucapkan terima kasih kepada rakyat Singapura kerana memberi kami kepercayaan untuk menggalas tanggungjawab yang sangat berat ini.

Kami akan menggunakan mandat ini untuk bertindak secara berhemah dan penuh tanggungjawab bagi pihak anda, demi menangani cabaran-cabaran besar yang mendatang. Saya dan pasukan saya berazam untuk membawa Singapura keluar daripada krisis ini dengan selamat. Bersama-sama kita akan menjadi lebih teguh selepas ini.

Cabaran Utama Masa Depan

COVID-19 terus menjadi krisis hebat yang sedang melumpuhkan dunia termasuk Singapura dari segi kesihatan dan ekonomi. Keadaan ekonomi sejagat dijangka terus suram. Banyak lagi pekerjaan akan hilang. Kami akan cuba sedaya upaya untuk selamatkan pekerjaan, dan membantu mereka yang hilang pekerjaan, mencari pekerjaan baru.

Membentuk Hala Tuju Masa Hadapan

Namun selain menumpukan perhatian kepada cabaran yang mendesak, Pemerintah juga harus mencorak hala tuju jangka panjang negara.

Selain kemakmuran ekonomi, Pemerintah juga mesti memenuhi aspirasi rakyat Singapura yang lebih luas. Kita mahu menjadi sebuah masyarakat yang adil dan saksama, dengan pelbagai peluang untuk semua. Sebuah masyarakat yang lebih inklusif, yang menyediakan masa depan yang lebih cerah untuk rakyat, terutama generasi muda. Kita juga mahukan agar semangat kemanusiaan dalam masyarakat berbilang bangsa kita dapat berkembang mekar.

Untuk terus berjaya, Singapura mesti sentiasa diterajui barisan pemimpin politik yang bermutu tinggi. Saya telah membentuk sebuah pasukan Kabinet yang paling teguh, untuk membawa Singapura maju ke hadapan.

Tugas Kabinet dan Pemerintah baru kita telah pun bermula. Walau apa pun aliran politik kita, jangan sekali-kali kita lupa bahawa pada dasarnya, kita adalah rakyat Singapura.

Oleh itu, marilah kita semua bersatu padu dan menumpukan perhatian kepada cabaran-cabaran utama di hadapan kita. Marilah kita bekerjasama sebagai satu Singapura, demi memperbaiki kehidupan kita, menjamin masa depan kita dan memperteguh serta memperindahkan tanah air yang kita sayangi dan banggakan ini.",https://www.pmo.gov.sg/Newsroom/Speech-by-PM-Lee-at-the-Swearing-In-Ceremony
2020-08-09,Lee Hsien Loong,National Day Message 2020,English,"Every year, rain or shine, Singaporeans come together on the 9th of August for the National Day Parade, to celebrate the making of our nation, and renew our commitment to Singapore.

National Day Parade
I have been privileged to attend almost every NDP since the first in 1966. One of the Parades I took part in was in 1968 at the Padang. The rain poured down, but the contingents stood steady, and marched past proudly, drenched, yet undaunted. We showed ourselves and the world that Singaporeans were rugged people, and had the steel in us to stand firm in adversity. Five years ago, SG50 was another memorable Parade. We celebrated our Golden Jubilee, and what we had achieved in Singapore. We also paid tribute to our founding Prime Minister, Mr Lee Kuan Yew. We mourned his passing that year, but also affirmed what he and the pioneer leaders stood for.

In good years, our parades rejoice in our progress, and look forward to a better future together.

In difficult years, we still hold National Day Parades, to renew our resolve to weather the storm and take Singapore through to better days.

This year, National Day falls amidst COVID-19. We are not able to celebrate in our usual way, but we are determined still to hold the Parade as a symbol of our unity as a nation, like we have done every year since independence. We will have a smaller Parade at the Padang, and also ceremonies at seven other locations around the island this morning. Each location will symbolise one aspect of our response to COVID-19 – Providing medical care for Singaporeans at NCID; supporting our workforce with skills and jobs at the Lifelong Learning Institute; keeping learning going for our students at North Vista Secondary School; or sustaining our community spirit at Kampung Admiralty. We look forward to Singaporeans across the island, and also in far-flung lands, joining the Parade virtually and celebrating with one another. We will all share special moments like when the Red Lions land, the mobile column reaches our town, or the State Flag is flown past. We will all recite the Pledge and sing Majulah Singapura in our hearts together.

Stories of everyday heroes
This NDP is also an opportunity for us to salute those on our frontline, fighting COVID-19.

Many of them have gone way beyond the call of duty, and shown great generosity of spirit. Retired doctors and nurses volunteered to come back, donning PPE to serve on the front lines, in hospitals and migrant worker dormitories. Full-time national servicemen extended their terms to continue supporting COVID-19 operations. Public officers volunteered to be redeployed to organise and look after the migrant workers. Many Singaporeans stepped up to help others in need. Some went door to door distributing meals and groceries to the elderly and low-income households. Others refurbished donated laptops for needy students, for home-based learning. Thousands of public-spirited Singaporeans volunteered to be trained for swab operations. They served in the hot zones, including the dormitories and community care facilities. Migrant workers too played their part to support these operations. Their help was deeply appreciated by our SAF, Home Team and public officers.

These selfless acts have made all the difference to our response to COVID-19.

Bracing for economic difficulties ahead
We will need this unity and resilience more than ever. The crisis is far from over. Many countries brought COVID-19 under control and eased restrictions, only to see their cases rise sharply again. This can happen to us too, despite all our precautions. It will most likely take a year or two before a vaccine is widely available, and the threat of the virus is blunted. Until then, we have to maintain our vigilance and resolve, to keep ourselves, our loved ones and our neighbours all safe.

We also need to be resilient in the face of the severe economic downturn. Singaporeans are understandably anxious and worried. Business closures, retrenchments and unemployment are all likely to go up in the coming months.

But this is not the first economic crisis we have experienced. Just in the last quarter century, we have seen the Asian Financial Crisis (1997-1998), the aftermath of the 9/11 terrorist attacks (2001), and the Global Financial Crisis (2007-2009). Each time the outlook was ominous, and we feared the worst, but each time we worked hard to secure our position, gritted our teeth, and came through together.

I am confident we will get through this current crisis too, though it may take longer. All of us must do our part, but none of us will be alone. The government is actively helping people find new jobs and acquire new skills. We also have the Jobs Support Scheme (JSS) and Self-employed person Income Relief Scheme (SIRS) to ease the burden on employers and individuals. The Labour Movement is working with employers to create job training programmes and career pathways. It will also ensure that every worker is treated fairly and with dignity, especially when job losses cannot be avoided. Employers too must make every effort to keep their workers, and not drop them at the first sign of trouble. This will build loyalty, and encourage the employees to help their employers rebuild when conditions improve.

Our experience fighting COVID-19, grim and hard as it has been, has brought us closer together. The shared ordeal will toughen a whole population, and bond us together as one united people. Just like how the Pioneer and Merdeka Generations were tempered by Separation and Independence, and economic crises in our early years as a nation.

Let us brace ourselves for the trials ahead, so that many years from now, when our grandchildren celebrate National Day, they will look back on these times and say yes, this generation stood together, sacrificed for one another, and built Singapore for us.

NS Square
Every National Day, we remind ourselves that Singapore is a nation whose story is worth celebrating, whose history is worth cherishing, and whose future is worth building.

When we hold the National Day Parade at the Padang, or at the Float@Marina Bay, the audience can see the Marina Bay skyline in the background. Marina Bay used to be open sea, but we reclaimed the land around it, turned the ocean into a reservoir, and progressively built on the new land, to create an outstanding and vibrant downtown. Looking out across the Bay, you can immediately see how far Singapore has come, and imagine the possibility and promise that Singapore holds.

Today, when National Service recruits complete their Basic Military Training (BMT), they gather their families and friends at the Float and hold their passing out parade there. It helps them to understand what they are defending, and why generations of national servicemen have been willing to serve and sacrifice, to defend this metropolis that we have built together, and also the society that created all this: Our families. Our friends. Our lives. Our future.

Three years ago, I announced that we would rebuild the Float into a permanent space to commemorate National Service, and the central role that NS plays in Singapore, and that we would name this space, NS Square. The design contract has been awarded. This is how it will look like. The development will be aligned on a central axis, with The Promontory on the opposite side of the Bay. The platform will become a red dot, shining bright in our city. NS Square will be the central focus of our new downtown. We will build a gallery there to showcase our National Service story, and honour the contributions of national servicemen past and present. NS Square will also be a community space for everyone, young and old, to enjoy. And of course, we will continue to hold our National Day Parades there.

Conclusion
This National Day, as we celebrate across the island, we will be saying the Pledge and singing Majulah Singapura in unison – not aloud as usual because of COVID- 19, but in our hearts, with more feeling than ever.

We have dreams to realise, and goals to reach for. Let us show the world that whatever the challenges, Singaporeans will stay united, and prevail once more.

I wish everyone a very happy National Day!",https://www.pmo.gov.sg/Newsroom/National-Day-Message-2020
2020-08-09,Heng Swee Keat,National Day Message 2020,Chinese,"每年的 8 月 9 号,新加坡人都会风雨不改,一同观赏国庆庆典,欢庆我国 独立建国,并再次誓愿同心协力、建设国家。

国庆庆典
国庆庆典1966年首度举行至今,我几乎出席了每一场庆典。1968 年,我更 参与了在政府大厦大草场举行的检阅礼。那天大雨倾盆而下,把所有人淋湿了, 但是检阅队伍在大雨中坚定不移,继续前进。我们向国人和全世界展示了新加 坡人在逆境中坚毅不屈的特质。2015 年的国庆庆典也是另一个难忘的盛会。我 们庆祝了独立金禧年,以及新加坡建国以来所取得的成就。那一年,我们沉痛 地送别了建国总理李光耀先生,并在国庆庆典上向他致敬,以及肯定了他和建 国领袖的巨大贡献。

在好景时,我们通过国庆庆典共同欢庆国家的繁荣进步,并憧憬更美好的 未来。

在艰难时期,我们还是会举行国庆庆典,重申我们排除万难,迎向光明的 决心。

今年的国庆日,我国还处于冠病疫情中。所以,国庆庆典会有别于往年, 以体现全民一心,克服逆境。今天早上,我们将在政府大厦大草场举行规模较 小的庆典,以及在全岛七个地点举行庆祝仪式。每一个地点都有它的象征意义, 代表我国对抗冠病的工作,例如:国家传染病中心代表我们为国人提供的医疗 照顾;终身学习学院代表我们致力于帮助工友提升技能、保住工作;德新中学 代表我们努力确保学生能继续学习,接受良好教育;海军部村庄则代表我们发 扬社区精神。我们希望通过这样的安排,让所有国人无论在全岛各地或是身处 海外,都能在家参与今年别具意义的国庆庆典。我们将一同见证许多特别时刻, 例如红狮跳伞队和悬挂国旗的直升机将第一次在邻里出现,机动队伍也将开进 组屋区。我们也将一起念信约、唱国歌。

前线英雄的故事
此外,我们也要通过庆典向那些在前线对抗疫情的英雄们致敬。

他们鞠躬尽瘁,为国人全心付出。有些退休医生和护士自愿回到工作岗位, 穿上防护服,到医院和客工宿舍服务。有些全职国民服役人员选择延迟退伍, 协助抗疫工作。有些公务员则自愿接受调派,去照顾客工。许多国人也发挥了 互助精神。一些人沿家挨户,为年长人士或低收入家庭派送食物和日用品。另 一群国人则改装善心人士捐赠的手提电脑,让有需要的学生可以居家学习。上 千名新加坡人也挺身而出为民服务,自愿接受冠病检测培训,到客工宿舍和社 区护理设施,参与前线工作。此外,有些客工也做出贡献,支援抗疫工作。

政府对所有前线英雄的无私奉献深表感激。

为接下来的经济挑战做好准备
现在,我们比任何时候都更需要保持团结坚韧。我国要完全走出冠病危机 还需要一段时间。许多国家在疫情受到控制之后放宽管制措施,结果却出现新 一波疫情,病例再度激增。尽管我们已经做足防范措施,这种情况也可能在新 加坡发生。我们可能还要多等一两年,才会看到各国广泛使用冠病疫苗,成功 摆脱病毒的威胁。在那之前,我们必须保持警惕,决心对抗疫情,保护大家的 安全。

我们还需要保持坚韧不拔,以应付严重的经济衰退。国人难免会对未来感 到焦虑和担忧。在接下来的几个月,更多公司可能会倒闭,更多员工会被裁退。

不过,这不是我们第一次面临经济危机。这二十多年来,我们经历了好几 个经济危机。比如亚洲金融风暴、九一一恐怖袭击事件带来的经济冲击,以及 全球金融危机。每一次,前景都非常黯淡。但是,我们都努力稳住阵脚,咬紧 牙关,全民携手挺过一次又一次的危机。

也许,这次危机会持续更久,但我相信我们一定能够克服它。每个人都要 贡献自己的一份力量,同舟共济。政府正在积极帮助国人掌握新技能,找到新 工作。我们推出了多项援助计划,如雇佣补贴计划和自雇人士收入补贴计划, 帮助雇主和员工减轻负担。职总也正在与雇主合作,为工友创造职业培训和发 展机会,同时确保每一位工友都能获得公平的待遇。在当前的情况下,我们或 许无法保住每一份工作,但我们一定要维护每一位工友的利益。另一方面,雇 主也必须尽最大的努力保住员工,不要遇到困难时,就马上裁员。这样,员工 会记住这份情谊。在经济好转时,他们必将尽心尽力帮助雇主重振旗鼓。

危机当前,全民合力对抗疫情,加强了凝聚力。大家经历磨难后,也更加 坚毅、更加团结。就如建国和立国一代一样,他们共同经历了新马分家和新加 坡独立后的动荡不安,以及建国初期经济发展的艰辛。

未来困难重重,我们绝不退缩,要勇敢面对。许多年后,当我们的子孙欢 庆国庆,回溯这一段历史时,他们一定会记得我们这一代人是如何互相扶持、 团结一致,为国人创造一个更美好的未来。

卫国广场
每年的国庆日,我们都会回顾我国的发展,为国家所取得的进步感到自豪, 并承诺致力打造更温馨的家园。

当我们在政府大厦前的大草场或滨海湾浮动舞台举行国庆庆典时,国人都 可以看到滨海湾迷人的风景线。滨海湾曾经是一片大海。我们在这一带进行填 土、建造堤坝,积水成池,逐步将它发展成一个亮眼独特、朝气蓬勃的市中心。 从滨海湾放眼望去,国人立刻能亲眼看到新加坡的变化,想象新加坡在未来所 拥有的无限可能。

如今,国民服役人员完成了基本训练后,都会邀请亲友们到滨海湾浮动舞 台参加他们的结业检阅礼。这个仪式让他们更清楚了解保家卫国的使命,明白 为什么世世代代的国民服役人员都愿意付出精力和时间,捍卫家园。他们守护 的不仅仅是这座城市。他们也守护每个国民、家人和朋友,以及我国的未来。

为了体现国民服役的重要性,政府三年前宣布把滨海湾浮动舞台改建成永 久建筑,并将它称为“卫国广场”。这是“卫国广场”的初步设计 ,它将和这 一带的中轴对齐,成为一个在市中心闪亮的小红点。这里将增设以国民服役为 主题的展览区,以此肯定国民服役人员为新加坡的国防和安全所做出的贡献。 卫国广场将会是一个老少咸宜、同欢共乐的场所。当然,我们也会和往年一样, 继续在这个地方举办国庆庆典。

总结
由于冠病疫情,我们今年无法像往年一样,在国庆日这一天和众人聚集一 起高唱国歌,但我们无论在何处,还是可以一起念信约、唱国歌,更加用心感 受信约和国歌的含义。

我们还有许多梦想和目标等着我们去实现。尽管前方充满挑战,我相信国 人会心手相连、坚毅向前,让新加坡再创辉煌!

祝大家国庆日快乐!",https://www.pmo.gov.sg/Newsroom/National-Day-Message-2020-Chinese
2020-08-09,Masagos Zulkifli,National Day Message 2020,Malay,"Setiap tahun, tidak kira panas ataupun hujan, rakyat Singapura akan berhimpun pada 9 Ogos untuk Perbarisan Hari Kebangsaan, atau NDP, untuk meraikan kemerdekaan negara kita, dan memperbaharui komitmen kita kepada Singapura.

Perbarisan Hari Kebangsaan
Saya beruntung dapat menghadiri hampir setiap Perbarisan Hari Kebangsaan (NDP), sejak perbarisan pertama pada tahun 1966. Salah satu Perbarisan yang saya sertai adalah pada tahun 1968 di Padang. Hujan turun mencurah-curah, namun kontinjen-kontinjen berdiri teguh, dan perbarisan tetap diteruskan, dengan penuh semangat walaupun dalam keadaan basah kuyup. Kita buktikan kepada diri kita sendiri dan juga kepada dunia bahawa rakyat Singapura lasak dan bersemangat waja dalam menghadapi kesukaran. NDP SG50 lima tahun lalu juga tidak dapat dilupakan. Pada tahun itu, kita menyambut Jubli Emas kita serta pencapaian Singapura. Kita juga meraikan sumbangan Perdana Menteri pengasas kita, Encik Lee Kuan Yew. Kita berkabung atas pemergiannya pada tahun itu, tetapi kita juga menegaskan perjuangannya bersama-sama para pemimpin perintis.

Pada tahun-tahun kita mencatat pertumbuhan yang baik, NDP meraikan kemajuan kita, dan kita mengalu-alukan masa depan yang lebih cerah bersama.

Pada tahun-tahun yang mencabar, kita masih menganjurkan NDP, untuk memperbaharui iltizam kita mengharungi badai yang melanda, dan memperteguh Singapura.

Tahun ini, Hari Kebangsaan disambut di tengah-tengah pandemik COVID-19. Kita tidak dapat meraikannya seperti biasa, tetapi kita tetap bertekad untuk mengadakan NDP sebagai simbol perpaduan negara, seperti yang kita telah lakukan setiap tahun sejak kemerdekaan. Kita akan mengadakan Perbarisan yang lebih kecil di Padang, dan pelbagai acara juga dianjurkan di tujuh lokasi di serata pulau pada pagi ini. Setiap lokasi melambangkan satu aspek respons kita terhadap COVID-19 – menawarkan khidmat perubatan bagi rakyat Singapura di Pusat Nasional bagi Penyakit Berjangkit (NCID); menyokong tenaga kerja kita dengan kursus kemahiran dan peluang pekerjaan di Institut Pembelajaran Sepanjang Hayat (LLI); mendidik para pelajar kita di Sekolah Menengah North Vista; atau mengekalkan semangat kemasyarakatan kita di Kampung Admiralty. Kami mengalu-alukan penyertaan rakyat Singapura di serata negara dan di mana sahaja di dunia, dalam NDP di alam maya dan menyambutnya bersama-sama. Kita semua akan berkongsi saat-saat istimewa seperti apabila pasukan Red Lions mendarat, perarakan kontinjen berkenderaan tiba di kawasan perumahan kita, atau apabila Bendera Negara terbang lalu. Kita semua akan melafazkan Ikrar dan menyanyikan Majulah Singapura, bersama-sama.

Kisah-kisah orang biasa yang menjadi wira
NDP kali ini juga adalah peluang untuk kita mengiktiraf sumbangan para pekerja barisan hadapan dalam memerangi COVID-19.

Ramai yang membuat sumbangan di luar jangkaan, dan menunjukkan sifat yang terpuji. Para doktor dan jururawat yang telah bersara sanggup berkhidmat secara sukarela di hospital dan dormitori pekerja asing, meskipun terpaksa memakai peralatan perlindungan peribadi (PPE). Anggota Perkhidmatan Negara (NS) sepenuh masa melanjutkan tempoh perkhidmatan mereka untuk terus membantu operasi melawan COVID-19. Para pegawai awam juga menawarkan diri untuk ditugaskan semula untuk mengaturkan dan menjaga kebajikan para pekerja asing. Rakyat Singapura tampil membantu mereka yang memerlukan. Ada yang mengaturkan pengagihan makanan dan barang-barang dapur kepada warga emas dan keluarga berpendapatan rendah dari rumah ke rumah. Ada pula yang memperbaiki komputer riba yang didermakan untuk para pelajar memerlukan, bagi pembelajaran di rumah. Ribuan rakyat Singapura menawarkan diri untuk dilatih dalam operasi ujian swab. Mereka berkhidmat di kawasan berisiko tinggi seperti dormitori dan kemudahan penjagaan masyarakat. Pekerja asing turut memainkan peranan untuk menyokong operasi ini. Bantuan mereka amat dihargai oleh pegawai Angkatan Bersenjata Singapura (SAF) dan Home Team, dan para pegawai awam.

Sifat ihsan yang dipaparkan mereka semua telah banyak membantu usaha mengekang wabak COVID-19.

Bersiap sedia menghadapi kesukaran ekonomi yang mendatang
Kita kini sangat memerlukan perpaduan dan daya tahan ini memandangkan krisis yang kita hadapi ini masih belum nampak penghujungnya. Malah, banyak negara yang pada mulanya berjaya mengawal penularan COVID-19, kini mendapati jumlah kes kembali melonjak. Ini juga boleh berlaku kepada kita, meskipun kita telah melaksanakan langkah berjaga-jaga. Vaksin untuk mengawal ancaman virus ini mungkin siap sekitar satu atau dua tahun lagi. Jadi kita perlu sentiasa berwaspada dan beriltizam untuk melindungi diri kita, orang-orang yang disayangi dan jiran tetangga kita.

Kita juga harus tabah untuk berdepan dengan kemelesetan ekonomi yang teruk. Sudah tentu rakyat Singapura akan berasa cemas dan bimbang. Penutupan perniagaan, pemberhentian pekerja dan pengangguran mungkin meningkat dalam bulan-bulan mendatang.

Tetapi ini bukanlah krisis ekonomi pertama yang kita alami. Dalam tempoh sekitar suku abad lalu, kita sudah melalui Krisis Kewangan Asia (1997-1998), kesan akibat serangan pengganas Sebelas September (2001), dan Krisis Kewangan Global (2007-2009). Setiap kali ia berlaku, prospek ekonomi negara menjadi suram, dan kita bimbang keadaan akan menjadi lebih buruk. Namun setiap kali itu juga, kita bekerja keras untuk memantapkan kedudukan kita, cekalkan hati dan mengatasinya bersama- sama.

Saya tetap yakin kita akan berjaya mengatasi krisis ini sekali lagi, walaupun kita mungkin mengambil masa yang lebih lama. Semua mesti memainkan peranan masing- masing. Tidak seorang pun yang akan tersisih. Pemerintah sedang giat membantu rakyat mencari pekerjaan dan memperoleh kemahiran baru. Skim Bantuan Pekerjaan (JSS) dan Skim Bantuan Pendapatan bagi Individu yang Bekerja Sendiri (SIRS) adalah antara skim yang meringankan beban majikan dan individu. Gerakan Buruh sedang bekerjasama dengan para majikan untuk mewujudkan program-program latihan pekerjaan dan laluan kerjaya. Ia juga akan memastikan setiap pekerja dilayan dengan adil dan berhemah, terutamanya apabila pemberhentian pekerja tidak dapat dielakkan. Para majikan juga mesti berusaha sedaya upaya untuk mengekalkan pekerja mereka, dan tidak cepat memberhentikan pekerja apabila menghadapi masalah. Ini akan menyemai kesetiaan, serta menggalak pekerja membantu majikan membina semula syarikat apabila ekonomi pulih kelak.

Pengalaman kita memerangi COVID-19, penuh onak dan duri. Ia telah menyatukan kita. Malah, beban yang dipikul bersama ini akan memperkukuh ikatan kita sebagai rakyat yang bersatu padu. Sama seperti bagaimana Generasi Perintis dan Generasi Merdeka memupuk semangat waja selepas mengalami peristiwa Perpisahan dan Kemerdekaan, serta krisis-krisis ekonomi pada tahun-tahun awal selepas Merdeka.

Oleh itu, marilah kita kuatkan semangat dalam menghadapi ujian-ujian yang mendatang supaya suatu hari nanti, apabila cucu-cicit kita menyambut Hari Kebangsaan, mereka akan mengenang kembali dan dengan bangga menyatakan inilah generasi yang bersatu padu, berkorban, dan membina Singapura untuk semua.

Dataran NS
Pada setiap Hari Kebangsaan, kita mengingatkan diri kita bahawa Singapura mempunyai kisah yang wajar diraikan, sejarah yang wajar dihargai, dan masa depan yang wajar dibina.

Apabila kita mengadakan Perbarisan di Padang, atau di Float@Marina Bay, para penonton boleh melihat latar langit Marina Bay sebagai latar belakang. Sebelum ini, Marina Bay merupakan kawasan lautan terbuka. Dengan menambak tanah, kami mengubah kawasan itu menjadi tempat bendungan air. Kami membangunkannya secara bertahap-tahap, untuk mewujudkan sebuah pusat bandar yang luar biasa, dan bersemarak. Apabila anda memandang ke seberang Marina Bay, dengan serta-merta anda boleh meniti kemajuan Singapura, dan dapat membayangkan kemungkinan dan potensi masa depan yang boleh diterokai.

Hari ini, apabila rekrut NS tamat Latihan Asas Tentera (BMT), mereka berkumpul bersama keluarga dan rakan-rakan mereka di The Float dan mengadakan perbarisan tamat latihan di sana. Upacara ini memberikan mereka gambaran apa yang mereka pertahankan, dan mengapa setiap generasi anggota NS sanggup berkhidmat dan berkorban untuk mempertahankan metropolis yang kita bina bersama, dan juga masyarakat yang menghasilkan semua ini: Keluarga kita. Kawan-kawan kita. Masa depan kita.

Tiga tahun lalu, kami umumkan bahawa The Float akan dibina semula untuk menjadi struktur yang tetap bagi memperingati NS, dan peranan penting NS di Singapura. Kami menamakan ruang ini Dataran NS. Kontrak rekabentuk telah dianugerahkan. Begini rupanya nanti. Pembangunan ini akan dibina pada paksi pusat, berhadapan The Promontory yang juga terletak bertentangan Marina Bay. Pentasnya akan kelihatan sebagai satu titik merah yang berkilauan di kota kita. Dataran NS akan menjadi ciri utama pusat bandar baru kita. Kita akan membina sebuah galeri untuk mempamerkan kisah NS, dan mengiktiraf sumbangan anggota NS, dari dulu hingga sekarang. Dataran NS juga sebuah ruang masyarakat, yang boleh dinikmati semua orang, baik yang muda mahupun tua. Dan sudah tentu, kita akan terus mengadakan NDP di sana.

Kesimpulan
Pada Hari Kebangsaan ini, sedang kita meraikannya di seluruh negara, kita akan melafazkan Ikrar dan menyanyikan Majulah Singapura secara serentak - mungkin tidak sekuat yang biasa disebabkan COVID-19, tetapi di dalam hati kita, dengan penuh perasaan.

Masih banyak impian dan matlamat yang mahu kita capai. Marilah kita tunjukkan kepada dunia bahawa walau apa pun cabaran yang dihadapi, rakyat Singapura akan bangkit dan bersatu-padu untuk mengatasinya.

Saya ucapkan Selamat Hari Kebangsaan kepada semua!",https://www.pmo.gov.sg/Newsroom/National-Day-Message-2020-Malay
2020-08-09,S Iswaran,National Day Message 2020,Tamil,"ஒவ்வோர் ஆண்டும், மழையோ வெயிலோ, ஆகஸ்ட் 9-ஆம் தேதி, தேசிய தின அணிவகுப்புக்காக சிங்கப்பூரர்கள் ஒன்றுகூடுவார்கள்; நமது தேசம் உருவானதைக் கொண்டாடுவார்கள்; சிங்கப்பூருக்கான கடப்பாட்டைப் புதுப்பித்துக்கொள்வார்கள்.

தேசிய தின அணிவகுப்பு
1968-ஆம் ஆண்டு முதல், கிட்டத்தட்ட ஒவ்வொரு தேசிய தின அணிவகுப்பையும் பார்க்கும் வாய்ப்பு எனக்குக் கிடைத்துள்ளது. நான் கலந்துகொண்ட அணிவகுப்புகளில் ஒன்று, 1968-ஆம் ஆண்டு பாடாங்கில் நடைபெற்றது. அப்போது, அடைமழை பெய்தது. எனினும், மிடுக்காக நடைபெற்றது அணிவகுப்பு; மழையால் மக்கள் மனம் தளரவில்லை. சிங்கப்பூரர்கள், துன்பத்திலும் துவண்டு போகாத மனவுறுதி படைத்தவர்கள் என்பதை எடுத்துக்காட்டினோம். ஐந்து ஆண்டுக்கு முன்னர் நடந்த SG50 அணிவகுப்பு, மற்றுமொரு மறக்கமுடியாத அனுபவம். நாம், நமது பொன் விழாவையும் சிங்கப்பூர் சாதித்தவற்றையும் கொண்டாடினோம். நமது முதல் பிரதமர், லீ குவான் யூ அவர்களுக்கும் அஞ்சலி செலுத்தினோம். அதே வேளையில், அவரும் முன்னோடித் தலைவர்களும் கொண்டிருந்த இலட்சியங்களை மறு-உறுதிப்படுத்தினோம்.

நல்ல காலங்களில், நமது அணிவகுப்புகள், முன்னேற்றத்தைக் கொண்டாடின; ஒளிமயமான எதிர்காலத்தை நோக்கி ஒன்றாக நடைபோட்டன.

சிரமமான காலகட்டங்களிலும், நாம் தேசிய தின அணிவகுப்பை நடத்துகிறோம்; சிரமங்களைக் களைவதற்கான நமது மனவுறுதியைப் புதுப்பித்துக்கொண்டோம் – மேம்பட்ட எதிர்காலம் நோக்கிச் சிங்கப்பூரை அழைத்துச் செல்வதற்கு.

இந்த ஆண்டு, கொவிட்-19 சூழலுக்கு இடையில் தேசிய தினம் இடம்பெறுகிறது. அதனால், எப்போதும் போல் நம்மால் கொண்டாட முடியவில்லை. இருப்பினும் வழக்கம்போல், இந்த ஆண்டும் அணிவகுப்பைத் தொடர்ந்து நடத்த நாம் உறுதி கொண்டுள்ளோம். இது நமது ஒற்றுமையின் அடையாளம். இன்று காலையில், பாடாங்கில் சிறிய அளவில் அணிவகுப்பும், தீவின் ஏழு இடங்களில் இதர கொண்டாட்டங்களும் நடைபெறுகின்றன. ஒவ்வோர் இடமும், கொவிட்-19 கையாளப்பட்ட விதத்தைப் பிரதிபலிக்கும். தொற்று நோய்களுக்கான தேசிய நிலையத்தில், சிங்கப்பூரர்களுக்கு மருத்துவப் பராமரிப்பு வழங்குகிறோம். வாழ்நாள் கற்றல் நிலையத்தில், நமது ஊழியர் அணிக்குத் திறன்களையும் வேலைகளையும் வழங்கி ஆதரிக்கிறோம். நார்த் விஸ்டா உயர்நிலைப்பள்ளியில், நமது மாணவர்களுக்கான கற்றலை தொடர்ந்து வழிநடத்துகிறோம். கம்போங் அட்மிரல்டியில் நமது சமூக உணர்வைக் கட்டிக் காக்கின்றோம். தேசிய தின அணிவகுப்புக் கொண்டாட்டங்களில், சிங்கப்பூர் முழுவதிலும் வெளிநாடுகளிலும் உள்ள எல்லா சிங்கப்பூரர்களும் ஒன்றாய்ச் சேர்ந்து மெய்நிகர்த் தொடர்பின் வழி கலந்துகொள்வர் என்று ஆவலுடன் எதிர்பார்க்கிறோம். சிவப்புச் சிங்கங்களின் சாகசப் படைப்பு, குடியிருப்புகளில் இராணுவ வாகன அணி ஊர்வலம், நாட்டின் கொடி விண்ணில் கம்பீரமாகப் பறந்து செல்லும் காட்சி ஆகியவை நம்மைப் பரவசப்படுத்தும் சிறப்பான தருணங்கள். நாம் அனைவரும் ஒன்றிணைந்து, நமது உள்ளங்களில், நம் உறுதிமொழியைக் கூறுவோம்; தேசிய கீதத்தைப் பாடுவோம்.

அன்றாட செயல்வீரர்களின் கதைகள்
இந்தத் தேசிய தினம், கொவிட்-19 நோயை எதிர்த்துப் போராடும் நமது முன்னிலை ஊழியர்களைப் பாராட்டுவதற்கு ஒரு வாய்ப்பை வழங்கி இருக்கிறது.

அவர்களில் பலர், தங்கள் கடமைக்கு அப்பால் சென்று, தங்கள் பெருந்தன்மையான குணத்தை வெளிப்படுத்தி உள்ளனர். ஓய்வு பெற்ற மருத்துவர்களும் தாதியரும் மீண்டும் சேவையாற்ற முன்வந்தனர். அவர்கள், தனிநபர் பாதுகாப்பு சாதனங்களை அணிந்துகொண்டு, மருத்துவமனைகளிலும் வெளிநாட்டு ஊழியர் தங்கும் விடுதிகளிலும் முன்னணியில் பணியாற்றினர். கொவிட்-19 செயல்பாடுகளுக்கு ஆதரவளிக்க, முழு நேர தேசிய சேவையாளர்கள் தங்கள் சேவைக் காலத்தை நீட்டித்துக்கொண்டனர். அரசாங்க ஊழியர்கள் தங்கள் வேலைகளை மாற்றிக்கொண்டு, வெளிநாட்டு ஊழியர்களைக் கவனித்துக்கொள்ள முன்வந்தனர். பல சிங்கப்பூரர்களும் உதவிக்கரம் நீட்டினர். சிலர், முதியோருக்கும் குறைந்த வருமானக் குடும்பங்களுக்கும் உணவுகளையும் மளிகைப் பொருட்களையும் விநியோகிக்க, வீடு வீடாகச் சென்றனர். மற்றும் சிலர், வசதி குறைந்த மாணவர்களுக்கு மடிகணினிகளை நன்கொடையாக அளித்தனர். பொதுநல எண்ணம் கொண்ட ஆயிரக்கணக்கான சிங்கப்பூரர்கள், சுகாதாரப் பரிசோதனை மேற்கொள்வதற்கான பயிற்சியைப் பெற முன்வந்தனர். வெளிநாட்டு ஊழியர் தங்கும் விடுதிகள், சமூகப் பராமரிப்பு வசதிகள் உள்ளிட்ட கிருமித்தொற்று அதிகம் ஏற்பட்ட இடங்களில் சேவையாற்றினர். இவற்றுக்கு ஆதரவளிக்க, வெளிநாட்டு ஊழியர்களும் தங்கள் பங்கை ஆற்றினர். அவர்களது உதவியை, சிங்கப்பூர் ஆயுதப் படை, உள்துறைக் குழு, அரசாங்க அதிகாரிகள் ஆகியோர் பெரிதும் பாராட்டினர்.

இந்தத் தன்னலமற்ற செயல்கள், கொவிட்-19 நோய்க்கு எதிரான நமது போராட்டத்திற்கு பேருதவி புரிந்தன.

எதிர்வரும் பொருளியல் சவால்களைச் சமாளித்தல்
இந்த ஒற்றுமையும் மீள்திறனும் முன் எப்போதும் இல்லாத அளவிற்கு நமக்குத் தேவை. தற்போதைய நெருக்கடி முடிவுக்கு வர நெடுங்காலம் பிடிக்கும். பல நாடுகள் கொவிட்-19 நிலவரத்தைச் சமாளித்து, கட்டுப்பாடுகளைத் தளர்த்தின. ஆனால், கிருமித்தொற்று அங்கு மீண்டும் தலைதூக்கியது. நமக்கும் இது நடக்கலாம்; நாம் கவனமாக இருந்தாலும் கூட. தடுப்பூசி கிடைப்பதற்கும் கிருமியை முறியடிப்பதற்கும், ஒன்று அல்லது இரண்டு ஆண்டுகள் ஆகலாம். அதுவரை நம்மையும், நம் அன்புக்குரியவர்களையும், நம் அண்டைவீட்டாரையும் பாதுகாப்பாக வைத்திருக்க, நாம் விழிப்பாக இருக்கவேண்டும்.

பொருளியல் மந்தமடைந்தாலும், அதிலிருந்து மீளும் உறுதியை நாம் கைவிடக்கூடாது. சிங்கப்பூரர்களின் கவலை புரிகிறது. வரும் மாதங்களில், அதிகமான தொழில்கள் மூடப்படலாம்; ஆட்குறைப்பு நடவடிக்கைகள் அதிகரிக்கலாம்; அதிகமானோர் வேலைகளை இழக்கலாம்.

ஆனால், இத்தகைய பொருளியல் நெருக்கடி ஏற்படுவது, இது முதல்முறையல்ல. ஆசிய நிதி நெருக்கடி (1997 – 1998); செப்டம்பர் பதினொன்று பயங்கரவாதத் தாக்குதல் (2001); உலக நிதி நெருக்கடி (2007 – 2009). ஒவ்வொரு நெருக்கடியும் நம்மை அச்சுறுத்தியது. ஒவ்வொரு முறையும், நாம் ஆக மோசமான விளைவுகளை எண்ணி பயந்தோம். அதே சமயம், நம் நிலையைப் பாதுகாக்க, நாம் கடுமையாக உழைத்தோம்; ஒற்றுமையாக மீண்டு வந்தோம்.

கூடுதல் காலம் பிடித்தாலும், இந்த நெருக்கடியையும் நாம் கடந்து செல்வோம் என்ற நம்பிக்கை எனக்கு உண்டு. அதற்கு நாம் ஒவ்வொருவரும் நமது பங்கை ஆற்றவேண்டும். அரசாங்கம், புதிய வேலைகளைத் தேடவும் புதிய திறன்களைப் பெறவும் மக்களுக்கு உதவி வருகின்றது. முதலாளிகள், தனிநபர்கள் ஆகியோர் மீதான சுமையைக் குறைக்க, வேலை ஆதரவுத் திட்டம், சுயதொழில் புரிவோருக்கான வருமான நிவாரணத் திட்டம் ஆகியவை நம்மிடம் உண்டு. தொழிலாளர் இயக்கம், வேலை பயிற்சித் திட்டங்களையும் வாழ்க்கைத்தொழில் பாதைகளையும் உருவாக்க, முதலாளிகளுடன் இணைந்து பணியாற்றி வருகின்றது. ஒவ்வொரு ஊழியரும் நியாயமாகவும் கண்ணியத்துடனும் நடத்தப்படுவதை அது உறுதிசெய்யும். முதலாளிகளும் தங்கள் ஊழியர்களை தக்கவைத்துக் கொள்ள அனைத்து முயற்சிகளையும் மேற்கொள்ளவேண்டும். இது, ஊழியர்களின் விசுவாசத்தை அதிகரிக்கும்; நிலைமை மேம்படும்போது, முதலாளிகளுக்கு உதவ ஊழியர்களை ஊக்குவிக்கும்.

கொவிட்-19-க்கு எதிரான நமது போராட்டம், நம்மை மேலும் நெருக்கமாக்கி இருக்கிறது. அனைவருக்கும் உரிய இந்த சிரமங்கள், நம்மை வலுப்படுத்தி, ஒரு மக்களாக ஒன்றிணைக்கும். மலேசியாவிலிருந்து பிரிந்து சுதந்திரம் பெற்ற காலகட்டத்திலும், நமது தேசத்தின் ஆரம்பகாலங்களில் ஏற்பட்ட பொருளியல் நெருக்கடியின்போதும், நமது முன்னோடித் தலைமுறையினரும் மெர்டேக்கா தலைமுறையினரும் எப்படி ஒரு தேசமாக வலிமை பெற்றிருந்தார்களோ, அதைப்போலவே நாமும் இருக்கவேண்டும்.

அப்போதுதான், பல ஆண்டுகள் கழித்து, நமது பேரப்பிள்ளைகள் தேசிய தினத்தைக் கொண்டாடும்போது, இந்தக் காலகட்டத்தையும் தலைமுறையினரையும் பெருமிதத்துடன் திரும்பிப் பார்ப்பார்கள்.

தேசிய சேவை சதுக்கம்
ஒவ்வொரு தேசிய தினத்தின்போதும், “சிங்கப்பூரின் கதை கொண்டாடப்பட வேண்டிய ஒன்று, அதன் வரலாறு போற்றத்தக்க ஒன்று, அதன் எதிர்காலம் உருவாக்கத்தக்க ஒன்று” என்பதை நினைவுபடுத்திக்கொள்கிறோம்.

நாம், தேசிய தின அணிவகுப்பை பாடாங்கில் அல்லது மரினா பே மிதக்கும் மேடையில் நடத்தும்போது, பின்னணியில், வானுயர்ந்த கட்டடங்களைப் பார்க்கலாம். மரினா பே திறந்த கடலாக இருந்தது. அதைச் சுற்றியுள்ள நிலத்தைக் கடலிலிருந்து மீட்டோம். அதில் கட்டடங்களைக் கட்டி, தலைசிறந்த நகர்ப் பகுதியை உருவாக்கினோம்; அங்குள்ள நீரை நீர்த்தேக்கமாக மாற்றினோம். அங்கு நின்று பார்க்கும்போது, சிங்கப்பூர் கடந்து வந்த பாதையும், அது கொண்டிருக்கும் நம்பிக்கையும் நம் கண் முன்னே தோன்றும்.

இன்று, தேசிய சேவையின் பயிற்சி வீரர்கள், தங்கள் அடிப்படை இராணுவப் பயிற்சியை நிறைவுசெய்யும்போது, மிதக்கும் மேடையில் தங்கள் குடும்பத்தினரையும் நண்பர்களையும் அழைத்து வந்து, தங்கள் தேர்ச்சி அணிவகுப்பை நடத்துகின்றனர். அவர்கள் எதைப் பாதுகாக்கிறார்கள் என்பதையும், பல தலைமுறை தேசிய சேவையாளர்களின் தியாக உணர்வையும் சேவை மனப்பான்மையையும் உணர்ந்துகொள்ள இது உதவுகிறது – நாம் ஒன்றிணைந்து உருவாக்கிய இந்த நாட்டையும், அதனை உருவாக்கிய இந்த சமூகத்தையும் பாதுகாக்கவேண்டும் – நமது குடும்பங்கள்; நமது நண்பர்கள்; நமது வாழ்க்கை; நமது வருங்காலம்.

அதனால், தேசிய சேவை சிங்கப்பூருக்கு ஆற்றும் முக்கிய பங்கை நினைவுகூர, மிதக்கும் மேடையை ஒரு நிரந்தர வளாகமாக மாற்றி அமைப்போம் என்றும் அதற்கு ‘தேசிய சேவை சதுக்கம்’ எனப் பெயரிடுவோம் என்றும் மூன்று ஆண்டுக்கு முன்னர் நான் அறிவித்திருந்தேன். அதற்கான வடிவமைப்புக் குத்தகை வழங்கப்பட்டுள்ளது. இப்படித்தான் அது தோற்றமளிக்கும் – மரினா பேயின் எதிர்ப்புறம் உள்ள ‘The Promontory’ கட்டடத்திற்கு இணையான நேர்க்கோட்டில் அது அமையப் பெற்றிருக்கும். அது, நமது நகரில் பிரகாசமாக ஒளி வீசும் ஒரு சிவப்புப் புள்ளியாக வீற்றிருக்கும். நமது நகர்ப் பகுதியின் பிரதான அம்சமாக அது திகழும். நமது தேசிய சேவையின் கதையை எடுத்துக்கூறும் காட்சிக் கூடமும் இங்கு இருக்கும். கடந்தகால, நிகழ்கால தேசிய சேவையாளர்களின் பங்களிப்புகளை அது கெளரவிக்கும். இளையவர், பெரியவர் என அனைவரும் மகிழக்கூடிய ஒரு சமூகத் தளமாக ‘தேசிய சேவை சதுக்கம்’ திகழும். கண்டிப்பாக, தேசிய தின அணிவகுப்பை நாம் தொடர்ந்து இங்கு நடத்துவோம்.

முடிவுரை
இந்த ஆண்டு, நாம் தேசிய தினத்தை தீவு முழுவதும் கொண்டாடுகிறோம். அப்போது நாம், கொவிட்-19 காரணமாக உரக்கமாக இல்லாவிடினும், மனதளவில் முன் எப்போதும் இல்லாத உணர்ச்சியுடன், உறுதிமொழியைக் கூறுவோம்; தேசிய கீதத்தைப் பாடுவோம்.

நமக்கென்று கனவுகளும் இலக்குகளும் உள்ளன. சவால்கள் எதுவாக இருப்பினும், சிங்கப்பூரர்கள் ஒற்றுமையாக இருந்து, துணிவுடன் மீண்டும் வெர்றி காண்பார்கள் என்பதை உலகிற்குக் காட்டுவோம்.

அனைவருக்கும் இனிய தேசிய தின நல்வாழ்த்துக்கள்!",https://www.pmo.gov.sg/Newsroom/National-Day-Message-2020-Tamil